,Date,Open,High,Low,Close,Adj Close,Volume,Name
0,2018-04-02,884.61,892.49,878.18,884.57,865.63,5766209,RELIANCE
1,2018-04-03,882.63,893.23,876.94,891.1,872.03,6425059,RELIANCE
2,2018-04-04,896.2,903.24,883.67,886.5,867.52,6560005,RELIANCE
3,2018-04-05,896.6,901.46,895.02,899.67,880.42,3935631,RELIANCE
4,2018-04-06,899.47,909.88,896.5,902.45,883.13,4460344,RELIANCE
5,2018-04-09,903.98,910.37,903.98,907.4,887.98,3606112,RELIANCE
6,2018-04-10,909.78,915.22,905.57,908.44,888.99,3902042,RELIANCE
7,2018-04-11,913.14,923.99,907.45,922.11,902.37,6064484,RELIANCE
8,2018-04-12,921.12,927.85,915.52,919.98,900.29,4994624,RELIANCE
9,2018-04-13,923.94,932.86,919.98,930.03,910.13,5822658,RELIANCE
10,2018-04-16,925.68,931.17,919.78,928.25,908.38,4123166,RELIANCE
11,2018-04-17,931.17,938.31,927.21,935.38,915.36,4430313,RELIANCE
12,2018-04-18,936.37,939.3,926.27,929.19,909.3,3397094,RELIANCE
13,2018-04-19,930.28,936.13,926.22,933.45,913.47,4523892,RELIANCE
14,2018-04-20,929.19,933.01,912.55,919.19,899.51,3381269,RELIANCE
15,2018-04-23,921.27,935.48,919.78,927.21,907.37,3541772,RELIANCE
16,2018-04-24,927.01,966.54,926.22,960.94,940.37,9193591,RELIANCE
17,2018-04-25,964.51,972.58,954.5,961.39,940.81,6497632,RELIANCE
18,2018-04-26,963.86,978.72,953.21,966.19,945.51,15735759,RELIANCE
19,2018-04-27,980.51,1001.51,976.25,986.94,965.82,11776851,RELIANCE
20,2018-04-30,972.78,983.28,950.99,954.25,933.83,8955897,RELIANCE
21,2018-05-02,957.92,970.01,955.99,963.57,942.94,6175751,RELIANCE
22,2018-05-03,968.72,968.72,950.24,952.57,932.18,3984964,RELIANCE
23,2018-05-04,953.81,955.64,941.08,944.99,924.77,3831671,RELIANCE
24,2018-05-07,949.85,964.11,947.37,961.88,941.29,3545827,RELIANCE
25,2018-05-08,968.32,972.78,956.14,958.02,937.51,4980805,RELIANCE
26,2018-05-09,956.83,975.06,953.21,967.53,946.82,4537025,RELIANCE
27,2018-05-10,970.8,975.35,965.1,971.94,951.13,4052699,RELIANCE
28,2018-05-11,972.04,981.99,968.57,979.96,958.99,4049541,RELIANCE
29,2018-05-14,982.64,982.64,967.53,977.34,956.42,2604012,RELIANCE
30,2018-05-15,973.82,990.61,967.48,969.76,949.0,4846430,RELIANCE
31,2018-05-16,964.85,964.85,943.51,947.17,926.9,8695009,RELIANCE
32,2018-05-17,950.34,950.99,932.66,936.47,916.43,4778345,RELIANCE
33,2018-05-18,936.72,944.55,923.25,925.08,905.28,5279612,RELIANCE
34,2018-05-21,922.01,926.91,913.44,922.6,902.86,6687690,RELIANCE
35,2018-05-22,924.39,925.23,916.31,918.05,898.4,5219596,RELIANCE
36,2018-05-23,917.3,917.3,900.61,903.68,884.34,4610857,RELIANCE
37,2018-05-24,905.42,912.35,901.6,907.25,887.83,5368392,RELIANCE
38,2018-05-25,907.4,914.73,905.86,912.15,892.63,8206579,RELIANCE
39,2018-05-28,916.22,918.3,909.48,911.76,892.24,5247105,RELIANCE
40,2018-05-29,912.85,919.29,905.81,908.84,889.38,8250871,RELIANCE
41,2018-05-30,906.26,914.53,898.09,907.5,888.07,6048012,RELIANCE
42,2018-05-31,912.35,913.64,905.96,912.7,893.16,17112487,RELIANCE
43,2018-06-01,911.36,926.96,909.83,921.81,902.08,8848926,RELIANCE
44,2018-06-04,924.64,935.14,921.81,932.02,912.07,5653442,RELIANCE
45,2018-06-05,933.95,946.03,932.16,938.75,918.66,8047086,RELIANCE
46,2018-06-06,938.11,947.02,933.8,945.44,925.2,4229195,RELIANCE
47,2018-06-07,945.93,966.84,945.49,962.23,941.63,6922300,RELIANCE
48,2018-06-08,957.28,977.29,951.58,975.11,954.24,6594521,RELIANCE
49,2018-06-11,977.83,990.56,969.86,973.42,952.59,6931136,RELIANCE
50,2018-06-12,974.17,990.61,971.09,987.79,966.64,7515794,RELIANCE
51,2018-06-13,990.61,996.45,980.21,993.09,971.83,5982192,RELIANCE
52,2018-06-14,988.08,1002.3,978.13,998.49,977.11,5536858,RELIANCE
53,2018-06-15,996.55,1013.89,989.87,1004.68,983.17,11401764,RELIANCE
54,2018-06-18,999.33,1010.87,997.54,1006.01,984.48,5705952,RELIANCE
55,2018-06-19,1004.38,1005.27,984.32,986.7,965.58,6406255,RELIANCE
56,2018-06-20,986.65,1013.29,985.51,1009.68,988.07,7262014,RELIANCE
57,2018-06-21,1013.84,1026.27,1011.71,1022.26,1000.38,10609377,RELIANCE
58,2018-06-22,1018.74,1019.54,998.98,1002.99,981.52,16323253,RELIANCE
59,2018-06-25,1001.9,1006.96,992.89,995.02,973.72,5246962,RELIANCE
60,2018-06-26,996.55,996.55,966.09,969.76,949.0,8145067,RELIANCE
61,2018-06-27,969.31,976.15,953.66,956.78,942.08,9043473,RELIANCE
62,2018-06-28,952.97,959.41,931.47,936.08,921.69,8662575,RELIANCE
63,2018-06-29,940.19,966.34,940.09,963.32,948.51,8041914,RELIANCE
64,2018-07-02,963.22,963.22,948.01,951.58,936.96,6724054,RELIANCE
65,2018-07-03,955.94,969.26,951.33,962.18,947.39,5115293,RELIANCE
66,2018-07-04,962.67,982.69,961.88,980.8,965.73,5048125,RELIANCE
67,2018-07-05,987.64,998.93,949.6,955.44,940.76,18896793,RELIANCE
68,2018-07-06,955.69,973.77,955.44,968.37,953.49,9248105,RELIANCE
69,2018-07-09,977.83,990.61,974.26,987.74,972.56,5219197,RELIANCE
70,2018-07-10,993.33,1018.84,990.61,1016.07,1000.45,10543516,RELIANCE
71,2018-07-11,1015.38,1031.13,1008.29,1029.05,1013.23,8747208,RELIANCE
72,2018-07-12,1034.54,1088.68,1032.81,1072.19,1055.71,24337829,RELIANCE
73,2018-07-13,1070.35,1098.59,1069.86,1089.47,1072.73,18137593,RELIANCE
74,2018-07-16,1089.47,1098.49,1062.97,1066.09,1049.71,6658302,RELIANCE
75,2018-07-17,1068.17,1085.66,1059.56,1082.09,1065.46,6530578,RELIANCE
76,2018-07-18,1088.09,1094.23,1067.18,1082.29,1065.66,4726480,RELIANCE
77,2018-07-19,1083.03,1104.53,1076.15,1094.48,1077.65,5485122,RELIANCE
78,2018-07-20,1102.95,1127.81,1101.46,1118.05,1100.87,8094154,RELIANCE
79,2018-07-23,1119.19,1119.19,1102.65,1109.78,1092.72,5897877,RELIANCE
80,2018-07-24,1111.46,1116.17,1097.0,1100.52,1083.6,4511507,RELIANCE
81,2018-07-25,1099.58,1112.46,1093.83,1104.68,1087.7,6006077,RELIANCE
82,2018-07-26,1099.68,1110.97,1097.4,1100.22,1083.31,6485768,RELIANCE
83,2018-07-27,1108.99,1126.72,1101.71,1119.24,1102.04,6742782,RELIANCE
84,2018-07-30,1119.39,1146.43,1117.41,1140.59,1123.06,14003964,RELIANCE
85,2018-07-31,1140.19,1179.22,1136.38,1174.86,1156.81,14006901,RELIANCE
86,2018-08-01,1179.22,1191.6,1174.27,1181.15,1163.0,9796282,RELIANCE
87,2018-08-02,1180.31,1180.31,1155.0,1157.38,1139.59,6308209,RELIANCE
88,2018-08-03,1163.97,1172.39,1158.57,1165.9,1147.98,6708388,RELIANCE
89,2018-08-06,1165.65,1184.77,1164.31,1181.4,1163.24,4054489,RELIANCE
90,2018-08-07,1183.68,1190.12,1165.95,1173.08,1155.05,4097939,RELIANCE
91,2018-08-08,1173.87,1211.02,1173.87,1206.27,1187.73,7987438,RELIANCE
92,2018-08-09,1210.03,1220.13,1200.62,1206.51,1187.97,6911830,RELIANCE
93,2018-08-10,1199.63,1203.59,1191.01,1192.89,1174.56,3615156,RELIANCE
94,2018-08-13,1186.31,1188.68,1171.59,1176.55,1158.47,4712408,RELIANCE
95,2018-08-14,1178.83,1205.77,1173.18,1199.23,1180.8,5349770,RELIANCE
96,2018-08-16,1191.95,1204.58,1184.27,1189.52,1171.24,6039198,RELIANCE
97,2018-08-17,1197.65,1203.99,1188.78,1192.45,1174.12,3867305,RELIANCE
98,2018-08-20,1196.56,1225.19,1196.31,1223.3,1204.5,7679143,RELIANCE
99,2018-08-21,1225.63,1239.75,1215.48,1235.49,1216.5,7348644,RELIANCE
100,2018-08-23,1234.6,1262.04,1226.77,1257.53,1238.2,8043652,RELIANCE
101,2018-08-24,1253.37,1267.93,1248.22,1265.5,1246.05,6715059,RELIANCE
102,2018-08-27,1267.39,1283.68,1266.74,1279.37,1259.71,5624995,RELIANCE
103,2018-08-28,1283.83,1310.58,1282.84,1306.61,1286.53,8777168,RELIANCE
104,2018-08-29,1303.94,1316.52,1278.09,1282.05,1262.34,11182203,RELIANCE
105,2018-08-30,1281.45,1284.97,1258.52,1262.48,1243.08,9943410,RELIANCE
106,2018-08-31,1258.07,1258.07,1224.99,1229.99,1211.09,15450941,RELIANCE
107,2018-09-03,1233.31,1246.09,1214.54,1217.61,1198.89,12315666,RELIANCE
108,2018-09-04,1223.55,1243.02,1217.46,1230.29,1211.38,8922552,RELIANCE
109,2018-09-05,1230.83,1240.89,1197.15,1215.48,1196.8,10422792,RELIANCE
110,2018-09-06,1218.6,1253.82,1213.84,1249.56,1230.35,11301160,RELIANCE
111,2018-09-07,1253.02,1269.32,1242.72,1266.59,1247.13,10794143,RELIANCE
112,2018-09-10,1263.03,1265.01,1238.36,1244.06,1224.94,7125920,RELIANCE
113,2018-09-11,1247.18,1256.49,1222.66,1226.08,1207.23,10977849,RELIANCE
114,2018-09-12,1240.05,1246.88,1217.31,1240.74,1221.67,8142006,RELIANCE
115,2018-09-14,1247.57,1263.62,1235.93,1241.38,1222.3,7953264,RELIANCE
116,2018-09-17,1239.01,1239.01,1210.13,1214.39,1195.72,6818107,RELIANCE
117,2018-09-18,1214.49,1227.76,1202.95,1205.72,1187.19,7688607,RELIANCE
118,2018-09-19,1212.51,1212.51,1189.72,1199.38,1180.95,11372574,RELIANCE
119,2018-09-21,1207.55,1225.78,1172.39,1206.07,1187.53,19250938,RELIANCE
120,2018-09-24,1203.05,1228.26,1193.19,1220.48,1201.72,10198351,RELIANCE
121,2018-09-25,1223.9,1233.31,1183.78,1219.04,1200.31,9807108,RELIANCE
122,2018-09-26,1227.37,1242.18,1215.63,1239.65,1220.6,6457463,RELIANCE
123,2018-09-27,1243.22,1251.14,1225.88,1241.98,1222.89,10911205,RELIANCE
124,2018-09-28,1248.07,1259.76,1235.59,1246.14,1226.99,11177984,RELIANCE
125,2018-10-01,1245.89,1245.89,1192.69,1220.13,1201.38,7402199,RELIANCE
126,2018-10-03,1217.95,1227.96,1188.78,1193.78,1175.44,7446497,RELIANCE
127,2018-10-04,1178.33,1179.22,1095.61,1111.71,1094.63,23432473,RELIANCE
128,2018-10-05,1089.18,1104.83,1028.4,1039.0,1023.03,22151189,RELIANCE
129,2018-10-08,1040.14,1106.51,1015.92,1098.98,1082.09,24913364,RELIANCE
130,2018-10-09,1111.12,1112.75,1071.05,1079.81,1063.22,11095381,RELIANCE
131,2018-10-10,1083.63,1105.37,1074.12,1091.75,1074.97,9592247,RELIANCE
132,2018-10-11,1054.01,1104.28,1033.21,1077.59,1061.02,13349523,RELIANCE
133,2018-10-12,1094.57,1118.4,1091.55,1115.97,1098.82,9144401,RELIANCE
134,2018-10-15,1119.29,1136.13,1107.65,1129.05,1111.7,8955871,RELIANCE
135,2018-10-16,1135.24,1156.44,1129.3,1152.87,1135.15,7549490,RELIANCE
136,2018-10-17,1167.93,1168.28,1129.3,1140.49,1122.96,12906841,RELIANCE
137,2018-10-19,1089.67,1100.57,1060.2,1090.96,1074.19,25662196,RELIANCE
138,2018-10-22,1099.58,1104.33,1047.42,1052.67,1036.49,13290338,RELIANCE
139,2018-10-23,1042.86,1054.7,1033.85,1044.8,1028.74,10673958,RELIANCE
140,2018-10-24,1064.81,1065.85,1021.72,1035.93,1020.01,13784775,RELIANCE
141,2018-10-25,1026.27,1030.88,1006.86,1021.12,1005.43,14229855,RELIANCE
142,2018-10-26,1023.2,1047.07,1012.4,1035.09,1019.18,9269654,RELIANCE
143,2018-10-29,1036.18,1083.58,1036.18,1077.59,1061.02,7744528,RELIANCE
144,2018-10-30,1075.31,1075.31,1042.22,1047.07,1030.98,8890179,RELIANCE
145,2018-10-31,1049.06,1055.84,1037.17,1051.28,1035.13,16613693,RELIANCE
146,2018-11-01,1057.87,1057.87,1040.14,1046.33,1030.25,9485091,RELIANCE
147,2018-11-02,1056.98,1070.85,1053.17,1064.81,1048.44,16955411,RELIANCE
148,2018-11-05,1063.37,1082.44,1055.0,1080.06,1063.46,7654392,RELIANCE
149,2018-11-06,1083.73,1101.56,1081.35,1093.73,1076.92,8716110,RELIANCE
150,2018-11-07,1104.53,1104.53,1096.31,1100.27,1083.36,1296168,RELIANCE
151,2018-11-09,1095.86,1103.34,1074.81,1083.18,1066.54,10943218,RELIANCE
152,2018-11-12,1087.39,1088.48,1064.46,1069.86,1053.42,5856714,RELIANCE
153,2018-11-13,1063.92,1092.64,1060.0,1089.13,1072.39,6876165,RELIANCE
154,2018-11-14,1094.67,1102.2,1075.31,1087.64,1070.92,7861347,RELIANCE
155,2018-11-15,1086.65,1092.64,1076.3,1086.55,1069.85,6896498,RELIANCE
156,2018-11-16,1087.64,1119.34,1086.8,1116.81,1099.65,11136460,RELIANCE
157,2018-11-19,1122.26,1140.89,1120.38,1139.2,1121.69,7378262,RELIANCE
158,2018-11-20,1134.25,1145.05,1119.39,1126.72,1109.4,5774119,RELIANCE
159,2018-11-21,1126.82,1134.74,1096.65,1102.45,1085.51,7578978,RELIANCE
160,2018-11-22,1104.03,1114.78,1089.77,1092.49,1075.7,5847475,RELIANCE
161,2018-11-26,1098.59,1107.01,1087.1,1099.33,1082.43,6447094,RELIANCE
162,2018-11-27,1097.5,1119.39,1095.07,1117.61,1100.43,6874782,RELIANCE
163,2018-11-28,1121.82,1146.88,1115.72,1141.83,1124.28,8079833,RELIANCE
164,2018-11-29,1150.1,1168.82,1149.11,1157.53,1139.74,12755947,RELIANCE
165,2018-11-30,1161.29,1174.86,1151.39,1156.59,1138.81,10819038,RELIANCE
166,2018-12-03,1163.87,1163.87,1137.72,1145.59,1127.98,5622372,RELIANCE
167,2018-12-04,1147.13,1147.13,1131.47,1141.48,1123.94,5242047,RELIANCE
168,2018-12-05,1133.01,1147.92,1128.6,1144.3,1126.72,5874782,RELIANCE
169,2018-12-06,1138.21,1138.21,1107.75,1113.1,1095.99,5921712,RELIANCE
170,2018-12-07,1118.84,1126.27,1097.94,1123.15,1105.89,7282460,RELIANCE
171,2018-12-10,1099.58,1103.84,1072.93,1080.01,1063.41,9470471,RELIANCE
172,2018-12-11,1055.99,1091.75,1045.09,1087.24,1070.53,13622580,RELIANCE
173,2018-12-12,1088.68,1103.04,1077.54,1100.07,1083.17,12724917,RELIANCE
174,2018-12-13,1117.41,1117.41,1084.77,1096.65,1079.8,9385649,RELIANCE
175,2018-12-14,1092.74,1104.43,1081.55,1101.76,1084.82,7289774,RELIANCE
176,2018-12-17,1105.47,1122.36,1101.06,1119.29,1102.09,5112362,RELIANCE
177,2018-12-18,1112.75,1128.3,1109.98,1125.73,1108.43,5926578,RELIANCE
178,2018-12-19,1130.78,1136.53,1122.56,1126.13,1108.82,7438647,RELIANCE
179,2018-12-20,1110.47,1121.87,1105.67,1117.85,1100.67,5819374,RELIANCE
180,2018-12-21,1114.44,1120.63,1085.71,1089.87,1073.12,8360445,RELIANCE
181,2018-12-24,1090.56,1092.84,1076.35,1078.92,1062.34,4183821,RELIANCE
182,2018-12-26,1075.6,1089.67,1055.64,1088.04,1071.31,7278403,RELIANCE
183,2018-12-27,1096.8,1116.42,1093.63,1109.68,1092.63,12596278,RELIANCE
184,2018-12-28,1114.93,1124.59,1110.67,1114.98,1097.84,7738682,RELIANCE
185,2018-12-31,1120.33,1123.2,1105.72,1110.72,1093.65,7291282,RELIANCE
186,2019-01-01,1114.68,1116.71,1099.68,1110.47,1093.41,4498087,RELIANCE
187,2019-01-02,1104.03,1116.42,1090.66,1096.01,1079.17,7212697,RELIANCE
188,2019-01-03,1097.1,1104.13,1079.86,1082.49,1065.85,7517041,RELIANCE
189,2019-01-04,1087.1,1094.08,1070.95,1088.33,1071.61,8545382,RELIANCE
190,2019-01-07,1096.61,1107.95,1090.66,1094.38,1077.56,5565822,RELIANCE
191,2019-01-08,1094.72,1099.53,1085.71,1094.28,1077.46,5678473,RELIANCE
192,2019-01-09,1101.56,1106.51,1088.38,1100.32,1083.41,5821468,RELIANCE
193,2019-01-10,1097.35,1100.57,1092.64,1097.1,1080.24,4118960,RELIANCE
194,2019-01-11,1097.2,1103.34,1078.38,1087.74,1071.02,6525174,RELIANCE
195,2019-01-14,1084.72,1090.17,1076.2,1086.5,1069.8,4150757,RELIANCE
196,2019-01-15,1094.62,1121.37,1094.62,1119.04,1101.84,10158260,RELIANCE
197,2019-01-16,1124.34,1134.25,1119.74,1125.23,1107.94,6443279,RELIANCE
198,2019-01-17,1133.7,1137.12,1119.39,1123.8,1106.53,7558941,RELIANCE
199,2019-01-18,1138.01,1178.73,1124.59,1173.23,1155.2,25927601,RELIANCE
200,2019-01-21,1182.79,1228.31,1177.49,1226.08,1207.23,22247437,RELIANCE
201,2019-01-22,1221.27,1235.24,1208.15,1223.55,1204.75,16709723,RELIANCE
202,2019-01-23,1221.72,1232.52,1210.53,1214.79,1196.11,8913196,RELIANCE
203,2019-01-24,1213.5,1241.43,1208.64,1235.74,1216.74,13279882,RELIANCE
204,2019-01-25,1238.71,1252.82,1223.8,1234.3,1215.33,8631889,RELIANCE
205,2019-01-28,1238.76,1244.16,1210.92,1218.0,1199.29,8650493,RELIANCE
206,2019-01-29,1219.44,1220.08,1190.07,1199.28,1180.85,9417294,RELIANCE
207,2019-01-30,1203.59,1213.5,1179.92,1184.47,1166.27,7921321,RELIANCE
208,2019-01-31,1190.71,1218.15,1189.72,1215.63,1196.94,10281893,RELIANCE
209,2019-02-01,1222.41,1243.22,1215.53,1238.21,1219.18,9316446,RELIANCE
210,2019-02-04,1235.29,1284.77,1230.39,1278.78,1259.12,11781195,RELIANCE
211,2019-02-05,1279.87,1292.15,1266.59,1279.42,1259.76,9451152,RELIANCE
212,2019-02-06,1284.08,1305.28,1282.1,1297.95,1278.0,9500797,RELIANCE
213,2019-02-07,1297.95,1308.79,1274.02,1278.28,1258.64,9299549,RELIANCE
214,2019-02-08,1272.74,1288.29,1260.3,1265.7,1246.25,6567167,RELIANCE
215,2019-02-11,1263.92,1264.02,1239.25,1241.48,1222.4,7595318,RELIANCE
216,2019-02-12,1239.75,1260.4,1239.75,1244.6,1225.47,6460145,RELIANCE
217,2019-02-14,1229.35,1229.35,1206.56,1212.7,1194.07,6690180,RELIANCE
218,2019-02-15,1218.2,1238.16,1202.6,1232.76,1213.82,9688940,RELIANCE
219,2019-02-18,1238.26,1240.74,1203.59,1208.64,1190.07,9740480,RELIANCE
220,2019-02-19,1206.56,1228.06,1199.83,1204.68,1186.17,6303377,RELIANCE
221,2019-02-20,1212.36,1228.36,1207.55,1222.76,1203.97,6357879,RELIANCE
222,2019-02-21,1224.39,1245.99,1217.81,1235.19,1216.21,10680467,RELIANCE
223,2019-02-22,1232.91,1233.61,1214.49,1220.78,1202.02,8838861,RELIANCE
224,2019-02-25,1224.39,1231.33,1209.19,1220.73,1201.97,7926962,RELIANCE
225,2019-02-26,1198.14,1223.21,1194.68,1208.79,1190.21,10227082,RELIANCE
226,2019-02-27,1216.52,1233.21,1197.65,1212.01,1193.38,11218523,RELIANCE
227,2019-02-28,1222.17,1228.21,1215.03,1219.49,1200.75,11393904,RELIANCE
228,2019-03-01,1225.38,1230.68,1210.77,1214.54,1195.87,7997610,RELIANCE
229,2019-03-05,1211.91,1228.16,1207.16,1226.03,1207.19,7189013,RELIANCE
230,2019-03-06,1228.16,1261.15,1223.5,1252.92,1233.67,12152341,RELIANCE
231,2019-03-07,1252.13,1267.78,1246.34,1258.32,1238.98,8186126,RELIANCE
232,2019-03-08,1254.16,1262.48,1250.15,1255.2,1235.91,6097305,RELIANCE
233,2019-03-11,1258.12,1299.68,1256.09,1291.85,1272.0,9810964,RELIANCE
234,2019-03-12,1304.53,1321.47,1301.91,1318.85,1298.58,11335173,RELIANCE
235,2019-03-13,1324.45,1347.23,1315.63,1334.65,1314.14,11342554,RELIANCE
236,2019-03-14,1337.08,1349.21,1323.55,1328.95,1308.53,10500649,RELIANCE
237,2019-03-15,1332.37,1346.04,1298.89,1309.24,1289.12,16043743,RELIANCE
238,2019-03-18,1318.5,1345.2,1316.52,1337.37,1316.82,10201021,RELIANCE
239,2019-03-19,1347.23,1367.04,1330.49,1363.62,1342.67,9898262,RELIANCE
240,2019-03-20,1364.86,1374.97,1351.19,1362.53,1341.59,9986597,RELIANCE
241,2019-03-22,1359.61,1367.93,1324.15,1329.15,1308.72,11573789,RELIANCE
242,2019-03-25,1318.11,1324.3,1304.34,1312.01,1291.85,8027368,RELIANCE
243,2019-03-26,1317.81,1358.72,1317.51,1354.41,1333.6,9569142,RELIANCE
244,2019-03-27,1365.01,1365.01,1331.63,1336.58,1316.04,10189856,RELIANCE
245,2019-03-28,1337.57,1356.94,1330.19,1347.23,1326.52,10582305,RELIANCE
246,2019-04-01,1357.14,1393.59,1349.76,1378.78,1357.59,10194002,RELIANCE
247,2019-04-02,1384.87,1389.92,1367.14,1376.65,1355.49,8088587,RELIANCE
248,2019-04-03,1379.67,1389.83,1359.12,1362.29,1341.35,7923866,RELIANCE
249,2019-04-04,1366.05,1370.71,1334.6,1340.34,1319.75,8455067,RELIANCE
250,2019-04-05,1348.17,1351.09,1330.39,1341.19,1320.57,6792015,RELIANCE
251,2019-04-08,1343.27,1344.75,1311.27,1316.77,1296.53,8806267,RELIANCE
252,2019-04-09,1316.42,1328.11,1308.6,1321.92,1301.6,9587648,RELIANCE
253,2019-04-10,1325.39,1335.34,1314.04,1318.9,1298.63,7684871,RELIANCE
254,2019-04-11,1320.43,1340.3,1316.52,1334.15,1313.65,5795755,RELIANCE
255,2019-04-12,1337.32,1344.16,1324.1,1330.49,1310.04,5975855,RELIANCE
256,2019-04-15,1332.37,1336.28,1322.46,1327.57,1307.16,4285366,RELIANCE
257,2019-04-16,1332.37,1347.23,1327.42,1331.13,1310.67,8011783,RELIANCE
258,2019-04-18,1362.09,1376.7,1352.18,1372.94,1351.84,18130729,RELIANCE
259,2019-04-22,1347.23,1354.16,1328.71,1332.72,1312.23,10895052,RELIANCE
260,2019-04-23,1335.34,1360.11,1333.36,1351.04,1330.28,9141135,RELIANCE
261,2019-04-24,1357.43,1381.7,1353.42,1376.45,1355.3,7430660,RELIANCE
262,2019-04-25,1376.06,1399.14,1349.81,1359.51,1338.62,14061860,RELIANCE
263,2019-04-26,1362.09,1382.84,1357.83,1379.72,1358.52,6954749,RELIANCE
264,2019-04-30,1383.29,1383.29,1353.97,1379.72,1358.52,10313866,RELIANCE
265,2019-05-02,1378.93,1400.62,1369.12,1391.86,1370.47,8764806,RELIANCE
266,2019-05-03,1394.73,1404.19,1389.48,1395.62,1374.17,6571878,RELIANCE
267,2019-05-06,1384.87,1389.63,1365.16,1371.9,1350.81,7306518,RELIANCE
268,2019-05-07,1381.7,1381.9,1327.62,1330.88,1310.43,8961240,RELIANCE
269,2019-05-08,1327.42,1327.42,1280.07,1287.25,1267.46,14749036,RELIANCE
270,2019-05-09,1276.7,1276.7,1240.0,1244.65,1225.52,19692278,RELIANCE
271,2019-05-10,1253.12,1265.7,1233.31,1239.4,1220.35,11333250,RELIANCE
272,2019-05-13,1236.18,1248.96,1215.97,1220.48,1201.72,8124086,RELIANCE
273,2019-05-14,1224.89,1257.43,1219.94,1248.61,1229.42,13124240,RELIANCE
274,2019-05-15,1261.05,1266.0,1238.86,1245.1,1225.96,11269622,RELIANCE
275,2019-05-16,1248.12,1259.96,1246.29,1253.47,1234.2,6669276,RELIANCE
276,2019-05-17,1255.1,1264.96,1240.24,1255.5,1236.2,7973309,RELIANCE
277,2019-05-20,1301.27,1325.14,1291.26,1313.45,1293.26,12450850,RELIANCE
278,2019-05-21,1319.69,1354.16,1317.56,1327.22,1306.82,14003548,RELIANCE
279,2019-05-22,1333.01,1346.93,1322.56,1327.81,1307.41,11394393,RELIANCE
280,2019-05-23,1359.12,1378.93,1312.56,1321.37,1301.07,17890505,RELIANCE
281,2019-05-24,1335.34,1341.09,1304.14,1324.3,1303.94,10277262,RELIANCE
282,2019-05-27,1324.54,1324.94,1294.73,1298.34,1278.39,7419387,RELIANCE
283,2019-05-28,1307.41,1322.27,1301.02,1311.32,1291.17,19657240,RELIANCE
284,2019-05-29,1308.6,1320.78,1291.9,1300.72,1280.73,7180252,RELIANCE
285,2019-05-30,1303.89,1329.4,1303.89,1317.26,1297.02,10842653,RELIANCE
286,2019-05-31,1325.34,1329.3,1307.8,1317.66,1297.41,11871652,RELIANCE
287,2019-06-03,1322.46,1354.41,1308.79,1347.43,1326.72,8564026,RELIANCE
288,2019-06-04,1344.7,1361.35,1335.44,1338.96,1318.38,7126831,RELIANCE
289,2019-06-06,1349.11,1349.11,1308.69,1314.89,1294.68,7736969,RELIANCE
290,2019-06-07,1313.5,1314.79,1293.34,1302.55,1282.53,6794394,RELIANCE
291,2019-06-10,1308.5,1314.54,1297.8,1306.76,1286.68,5431146,RELIANCE
292,2019-06-11,1309.44,1321.97,1305.62,1316.67,1296.43,5303590,RELIANCE
293,2019-06-12,1322.17,1325.83,1312.56,1319.64,1299.36,4752340,RELIANCE
294,2019-06-13,1317.51,1322.17,1296.36,1314.79,1294.58,7239164,RELIANCE
295,2019-06-14,1309.49,1312.56,1297.1,1305.18,1285.12,6896085,RELIANCE
296,2019-06-17,1307.61,1307.61,1266.49,1270.26,1250.74,6880158,RELIANCE
297,2019-06-18,1266.89,1275.86,1257.18,1268.97,1249.47,7751984,RELIANCE
298,2019-06-19,1274.82,1289.77,1250.74,1265.36,1245.91,6688408,RELIANCE
299,2019-06-20,1267.98,1287.79,1266.0,1284.57,1264.83,4960591,RELIANCE
300,2019-06-21,1283.78,1283.83,1263.57,1267.49,1248.01,10723794,RELIANCE
301,2019-06-24,1260.2,1264.46,1245.3,1250.55,1231.33,5199824,RELIANCE
302,2019-06-25,1247.08,1285.81,1242.47,1283.68,1263.95,6907221,RELIANCE
303,2019-06-26,1278.88,1292.35,1274.27,1282.0,1262.29,5350180,RELIANCE
304,2019-06-27,1281.01,1284.72,1259.07,1262.19,1242.79,11493899,RELIANCE
305,2019-06-28,1265.11,1270.8,1236.93,1241.33,1222.26,8741806,RELIANCE
306,2019-07-01,1246.24,1260.7,1234.75,1256.94,1237.62,6220490,RELIANCE
307,2019-07-02,1261.99,1268.97,1251.44,1266.49,1247.03,4682721,RELIANCE
308,2019-07-03,1270.85,1274.42,1263.08,1270.51,1250.98,4064194,RELIANCE
309,2019-07-04,1269.37,1278.88,1267.98,1271.94,1252.39,4315672,RELIANCE
310,2019-07-05,1273.03,1278.38,1248.17,1251.49,1232.25,5042694,RELIANCE
311,2019-07-08,1246.19,1256.19,1236.48,1240.29,1221.23,6465252,RELIANCE
312,2019-07-09,1237.22,1271.45,1233.8,1268.08,1248.59,8092747,RELIANCE
313,2019-07-10,1268.03,1277.24,1256.79,1266.84,1247.37,5546395,RELIANCE
314,2019-07-11,1274.92,1277.69,1267.29,1269.52,1250.01,3972764,RELIANCE
315,2019-07-12,1270.95,1287.79,1266.05,1268.48,1248.98,7242056,RELIANCE
316,2019-07-15,1272.93,1277.39,1258.42,1264.12,1244.69,4919356,RELIANCE
317,2019-07-16,1267.93,1282.74,1265.06,1280.86,1261.17,4647660,RELIANCE
318,2019-07-17,1282.15,1284.82,1267.98,1269.81,1250.3,4376049,RELIANCE
319,2019-07-18,1269.96,1274.32,1246.19,1250.0,1230.79,5511650,RELIANCE
320,2019-07-19,1256.29,1261.0,1231.03,1237.27,1218.26,7539309,RELIANCE
321,2019-07-22,1239.25,1272.44,1215.78,1268.48,1248.98,13426225,RELIANCE
322,2019-07-23,1272.93,1281.75,1248.56,1261.59,1242.2,9375991,RELIANCE
323,2019-07-24,1261.54,1266.79,1241.78,1247.28,1228.11,7009804,RELIANCE
324,2019-07-25,1252.13,1257.13,1215.48,1219.94,1201.19,10063036,RELIANCE
325,2019-07-26,1219.94,1230.83,1198.64,1202.4,1183.92,9408829,RELIANCE
326,2019-07-29,1205.47,1210.53,1193.78,1199.58,1181.14,8134417,RELIANCE
327,2019-07-30,1202.55,1208.54,1164.91,1169.81,1151.83,9623710,RELIANCE
328,2019-07-31,1164.71,1173.87,1151.49,1155.3,1137.54,9797618,RELIANCE
329,2019-08-01,1152.48,1177.04,1139.55,1169.17,1151.2,10442920,RELIANCE
330,2019-08-02,1164.66,1187.0,1151.19,1173.23,1161.59,10968377,RELIANCE
331,2019-08-05,1156.04,1156.04,1117.41,1132.61,1121.38,14029195,RELIANCE
332,2019-08-06,1124.09,1138.81,1111.46,1117.71,1106.62,13414874,RELIANCE
333,2019-08-07,1115.92,1127.86,1092.74,1098.98,1088.08,11698729,RELIANCE
334,2019-08-08,1097.94,1147.13,1085.02,1141.53,1130.21,14398134,RELIANCE
335,2019-08-09,1150.94,1164.46,1141.48,1151.19,1139.77,10139155,RELIANCE
336,2019-08-13,1221.57,1290.57,1214.49,1262.78,1250.26,48377710,RELIANCE
337,2019-08-14,1291.76,1292.2,1268.33,1276.15,1263.5,14624460,RELIANCE
338,2019-08-16,1279.08,1279.67,1261.05,1266.0,1253.45,10142736,RELIANCE
339,2019-08-19,1269.02,1284.62,1267.98,1280.46,1267.77,7530571,RELIANCE
340,2019-08-20,1277.69,1280.46,1260.65,1263.97,1251.43,6908329,RELIANCE
341,2019-08-21,1263.67,1266.64,1254.61,1259.02,1246.53,4927825,RELIANCE
342,2019-08-22,1259.02,1259.07,1227.27,1235.04,1222.8,6475744,RELIANCE
343,2019-08-23,1227.37,1271.94,1214.98,1263.87,1251.34,9833599,RELIANCE
344,2019-08-26,1281.85,1281.85,1247.18,1254.9,1242.46,8861952,RELIANCE
345,2019-08-27,1272.93,1272.93,1249.36,1262.88,1250.36,13107475,RELIANCE
346,2019-08-28,1261.79,1268.97,1244.26,1251.44,1239.03,5355931,RELIANCE
347,2019-08-29,1244.65,1248.42,1223.7,1230.09,1217.89,8717834,RELIANCE
348,2019-08-30,1233.8,1242.62,1209.53,1236.83,1224.56,11415309,RELIANCE
349,2019-09-03,1230.59,1231.33,1188.73,1195.07,1183.22,8644177,RELIANCE
350,2019-09-04,1189.28,1193.93,1174.91,1189.87,1178.07,15206140,RELIANCE
351,2019-09-05,1195.47,1201.81,1182.09,1187.35,1175.57,10612413,RELIANCE
352,2019-09-06,1191.7,1217.46,1184.03,1211.02,1199.01,10700713,RELIANCE
353,2019-09-09,1209.19,1221.42,1201.76,1210.72,1198.72,5421667,RELIANCE
354,2019-09-11,1211.02,1228.36,1211.02,1222.81,1210.68,5597024,RELIANCE
355,2019-09-12,1223.4,1228.8,1194.38,1198.98,1187.1,5482620,RELIANCE
356,2019-09-13,1200.62,1216.96,1195.57,1214.09,1202.05,5975368,RELIANCE
357,2019-09-16,1177.84,1207.65,1174.96,1199.38,1187.49,9482774,RELIANCE
358,2019-09-17,1199.63,1199.63,1182.29,1186.21,1174.44,7218213,RELIANCE
359,2019-09-18,1193.64,1204.88,1185.96,1194.38,1182.53,6891996,RELIANCE
360,2019-09-19,1196.51,1198.34,1161.64,1167.98,1156.4,6353109,RELIANCE
361,2019-09-20,1176.8,1257.98,1163.27,1242.57,1230.25,22228398,RELIANCE
362,2019-09-23,1262.19,1268.97,1223.4,1227.56,1215.39,9973401,RELIANCE
363,2019-09-24,1231.92,1286.6,1231.08,1266.69,1254.13,16133561,RELIANCE
364,2019-09-25,1271.94,1282.84,1256.94,1267.54,1254.97,8395729,RELIANCE
365,2019-09-26,1279.87,1286.6,1271.45,1284.62,1271.88,8468733,RELIANCE
366,2019-09-27,1280.36,1302.65,1271.94,1296.76,1283.9,8795570,RELIANCE
367,2019-09-30,1297.7,1323.21,1293.29,1319.74,1306.65,11659226,RELIANCE
368,2019-10-01,1324.45,1329.4,1281.16,1292.65,1279.83,8270254,RELIANCE
369,2019-10-03,1273.92,1302.35,1269.27,1298.74,1285.86,6241716,RELIANCE
370,2019-10-04,1307.51,1316.12,1291.61,1295.82,1282.97,6918922,RELIANCE
371,2019-10-07,1295.82,1308.4,1289.48,1297.8,1284.93,4643419,RELIANCE
372,2019-10-09,1296.41,1317.46,1280.36,1312.31,1299.3,8117158,RELIANCE
373,2019-10-10,1312.56,1356.15,1308.6,1349.95,1336.57,16155443,RELIANCE
374,2019-10-11,1350.89,1352.78,1324.0,1339.9,1326.61,7659571,RELIANCE
375,2019-10-14,1352.13,1352.13,1338.17,1345.25,1331.91,6181455,RELIANCE
376,2019-10-15,1349.71,1357.14,1341.58,1351.34,1337.94,4463991,RELIANCE
377,2019-10-16,1357.04,1366.7,1350.89,1359.46,1345.98,8954786,RELIANCE
378,2019-10-17,1362.09,1385.86,1359.12,1383.39,1369.67,7401968,RELIANCE
379,2019-10-18,1390.82,1414.49,1385.57,1403.05,1389.14,12978275,RELIANCE
380,2019-10-22,1411.62,1423.36,1390.17,1400.87,1386.98,12823466,RELIANCE
381,2019-10-23,1403.0,1412.56,1370.16,1379.33,1365.65,8512900,RELIANCE
382,2019-10-24,1387.84,1427.87,1373.53,1422.96,1408.85,10449504,RELIANCE
383,2019-10-25,1427.57,1427.91,1398.0,1417.76,1403.7,6248688,RELIANCE
384,2019-10-27,1427.47,1431.43,1416.57,1420.78,1406.69,1391348,RELIANCE
385,2019-10-29,1431.93,1466.1,1428.56,1453.27,1438.86,11892161,RELIANCE
386,2019-10-30,1466.1,1470.61,1446.59,1465.21,1450.68,7541537,RELIANCE
387,2019-10-31,1470.07,1475.66,1447.97,1450.6,1436.22,8982513,RELIANCE
388,2019-11-01,1441.34,1448.07,1427.47,1443.22,1428.91,6416833,RELIANCE
389,2019-11-04,1452.14,1457.19,1431.53,1443.96,1429.64,6490272,RELIANCE
390,2019-11-05,1449.36,1455.16,1427.47,1433.71,1419.49,5854289,RELIANCE
391,2019-11-06,1429.15,1432.87,1415.09,1421.43,1407.33,6749668,RELIANCE
392,2019-11-07,1421.53,1449.26,1418.75,1444.9,1430.58,6499781,RELIANCE
393,2019-11-08,1435.39,1445.94,1427.77,1431.93,1417.73,5546929,RELIANCE
394,2019-11-11,1425.59,1430.69,1409.19,1414.39,1400.37,5241641,RELIANCE
395,2019-11-13,1416.57,1462.04,1416.57,1458.48,1444.01,11641679,RELIANCE
396,2019-11-14,1462.14,1467.69,1442.13,1449.01,1434.65,6580126,RELIANCE
397,2019-11-15,1451.89,1472.84,1449.41,1457.04,1442.59,7241673,RELIANCE
398,2019-11-18,1458.82,1472.05,1441.73,1445.5,1431.16,6496095,RELIANCE
399,2019-11-19,1453.22,1500.68,1451.24,1495.57,1480.74,13926337,RELIANCE
400,2019-11-20,1540.45,1557.64,1528.71,1533.12,1517.91,20092835,RELIANCE
401,2019-11-21,1530.49,1541.39,1514.2,1523.16,1508.06,6875134,RELIANCE
402,2019-11-22,1527.62,1554.76,1523.16,1531.98,1516.79,10315843,RELIANCE
403,2019-11-25,1536.58,1550.11,1536.44,1546.89,1531.55,6989948,RELIANCE
404,2019-11-26,1553.38,1561.55,1541.39,1545.6,1530.27,16305243,RELIANCE
405,2019-11-27,1545.3,1560.71,1541.49,1555.11,1539.69,4450122,RELIANCE
406,2019-11-28,1557.88,1569.27,1549.26,1565.46,1549.94,6344459,RELIANCE
407,2019-11-29,1567.1,1567.1,1533.32,1536.58,1521.35,8565249,RELIANCE
408,2019-12-02,1584.98,1599.29,1562.19,1571.6,1556.02,14410500,RELIANCE
409,2019-12-03,1577.79,1579.03,1557.83,1564.07,1548.56,5995079,RELIANCE
410,2019-12-04,1558.23,1562.69,1519.35,1538.12,1522.87,9685777,RELIANCE
411,2019-12-05,1559.22,1564.92,1529.5,1536.29,1521.05,9203442,RELIANCE
412,2019-12-06,1538.42,1553.28,1526.63,1540.3,1525.03,6038833,RELIANCE
413,2019-12-09,1541.54,1562.59,1531.98,1557.83,1542.39,5834593,RELIANCE
414,2019-12-10,1557.29,1558.82,1539.56,1547.28,1531.94,4694991,RELIANCE
415,2019-12-11,1540.99,1559.72,1536.04,1547.73,1532.38,5706279,RELIANCE
416,2019-12-12,1555.51,1559.07,1542.03,1553.47,1538.07,4765727,RELIANCE
417,2019-12-13,1565.16,1575.07,1557.64,1568.04,1552.49,5846419,RELIANCE
418,2019-12-16,1577.05,1578.93,1549.66,1551.89,1536.5,5488487,RELIANCE
419,2019-12-17,1552.04,1564.17,1540.94,1548.03,1532.68,9379800,RELIANCE
420,2019-12-18,1548.32,1565.16,1547.33,1561.05,1545.57,6803466,RELIANCE
421,2019-12-19,1558.92,1599.74,1557.04,1594.83,1579.02,9464354,RELIANCE
422,2019-12-20,1599.84,1602.36,1581.11,1584.08,1568.38,9816798,RELIANCE
423,2019-12-23,1545.45,1562.74,1543.17,1556.64,1541.21,11587233,RELIANCE
424,2019-12-24,1554.17,1557.29,1528.02,1531.93,1516.74,8329356,RELIANCE
425,2019-12-26,1527.17,1538.37,1495.97,1501.17,1486.28,13734705,RELIANCE
426,2019-12-27,1512.66,1531.68,1507.02,1527.87,1512.72,8158196,RELIANCE
427,2019-12-30,1531.43,1533.12,1513.7,1529.7,1514.53,7902607,RELIANCE
428,2019-12-31,1527.52,1529.2,1493.89,1499.83,1484.96,10246683,RELIANCE
429,2020-01-01,1503.75,1512.76,1491.36,1495.42,1480.6,6463060,RELIANCE
430,2020-01-02,1497.8,1526.48,1497.8,1520.88,1505.8,8173308,RELIANCE
431,2020-01-03,1518.61,1527.17,1508.7,1522.72,1507.62,9684434,RELIANCE
432,2020-01-06,1505.73,1513.55,1483.93,1487.4,1472.65,11315596,RELIANCE
433,2020-01-07,1504.74,1520.09,1499.29,1510.28,1495.31,7699489,RELIANCE
434,2020-01-08,1500.77,1520.04,1495.82,1498.94,1484.08,7406104,RELIANCE
435,2020-01-09,1524.15,1535.45,1516.87,1533.46,1518.26,6914533,RELIANCE
436,2020-01-10,1537.33,1543.32,1525.19,1533.12,1517.91,5758760,RELIANCE
437,2020-01-13,1530.54,1544.06,1523.95,1529.2,1514.04,8437316,RELIANCE
438,2020-01-14,1525.54,1535.45,1507.56,1515.04,1500.02,7299328,RELIANCE
439,2020-01-15,1521.43,1525.44,1503.99,1509.54,1494.57,7299939,RELIANCE
440,2020-01-16,1514.64,1528.86,1513.65,1523.46,1508.35,5929338,RELIANCE
441,2020-01-17,1538.91,1570.07,1538.62,1566.15,1550.62,13597387,RELIANCE
442,2020-01-20,1593.89,1593.89,1512.07,1517.96,1502.91,15019904,RELIANCE
443,2020-01-21,1514.25,1531.33,1507.71,1519.5,1504.43,8732832,RELIANCE
444,2020-01-22,1529.5,1532.23,1516.72,1518.95,1503.89,4763978,RELIANCE
445,2020-01-23,1522.07,1527.47,1506.42,1512.51,1497.51,5190829,RELIANCE
446,2020-01-24,1512.66,1521.92,1504.29,1507.26,1492.32,6751025,RELIANCE
447,2020-01-27,1500.68,1510.14,1490.87,1492.4,1477.6,6178444,RELIANCE
448,2020-01-28,1494.43,1495.82,1449.86,1457.93,1443.47,11321622,RELIANCE
449,2020-01-29,1460.21,1480.37,1450.3,1465.95,1451.42,11420535,RELIANCE
450,2020-01-30,1465.11,1465.81,1426.48,1430.19,1416.01,10338837,RELIANCE
451,2020-01-31,1439.36,1439.6,1393.99,1398.39,1384.53,16037262,RELIANCE
452,2020-02-03,1357.04,1386.8,1350.25,1372.49,1358.88,14173717,RELIANCE
453,2020-02-04,1386.85,1419.05,1384.67,1413.01,1398.99,11714666,RELIANCE
454,2020-02-05,1421.43,1439.16,1416.87,1434.9,1420.67,8524871,RELIANCE
455,2020-02-06,1440.45,1453.22,1426.58,1444.11,1429.79,7171051,RELIANCE
456,2020-02-07,1437.38,1438.71,1414.89,1420.19,1406.1,5634549,RELIANCE
457,2020-02-10,1414.59,1431.93,1397.21,1422.12,1408.02,6988250,RELIANCE
458,2020-02-11,1433.81,1452.43,1431.48,1439.11,1424.84,6460912,RELIANCE
459,2020-02-12,1442.48,1461.0,1441.34,1456.49,1442.05,6245738,RELIANCE
460,2020-02-13,1463.87,1463.87,1448.87,1460.31,1445.83,6260549,RELIANCE
461,2020-02-14,1463.38,1487.35,1439.46,1473.63,1459.02,9796645,RELIANCE
462,2020-02-17,1475.02,1492.01,1460.46,1464.37,1449.85,6068321,RELIANCE
463,2020-02-18,1462.04,1462.04,1443.71,1453.62,1439.21,5135183,RELIANCE
464,2020-02-19,1465.46,1492.3,1461.25,1489.68,1474.91,6499952,RELIANCE
465,2020-02-20,1482.94,1493.84,1469.87,1472.0,1457.4,7795779,RELIANCE
466,2020-02-24,1455.95,1463.13,1426.03,1431.38,1417.19,9862350,RELIANCE
467,2020-02-25,1437.77,1437.77,1396.76,1403.1,1389.19,12804341,RELIANCE
468,2020-02-26,1396.76,1399.09,1374.32,1378.93,1365.26,13550903,RELIANCE
469,2020-02-27,1374.97,1380.71,1356.15,1373.23,1359.62,11562875,RELIANCE
470,2020-02-28,1342.18,1344.26,1312.56,1316.17,1303.12,18144221,RELIANCE
471,2020-03-02,1342.38,1356.15,1288.88,1303.79,1290.86,13614473,RELIANCE
472,2020-03-03,1317.21,1341.19,1309.59,1330.24,1317.05,12644541,RELIANCE
473,2020-03-04,1339.3,1341.09,1295.62,1327.12,1313.96,10201574,RELIANCE
474,2020-03-05,1339.5,1345.2,1293.74,1298.84,1285.96,14080540,RELIANCE
475,2020-03-06,1258.07,1276.05,1229.45,1259.07,1246.58,15568253,RELIANCE
476,2020-03-09,1228.41,1229.35,1084.72,1103.69,1092.74,40698294,RELIANCE
477,2020-03-11,1097.6,1167.38,1097.6,1142.72,1131.39,27495503,RELIANCE
478,2020-03-12,1074.81,1090.66,1038.85,1053.02,1042.58,25830369,RELIANCE
479,2020-03-13,988.63,1129.3,933.55,1094.92,1084.06,33826739,RELIANCE
480,2020-03-16,1050.59,1069.56,995.56,1006.16,996.19,17759556,RELIANCE
481,2020-03-17,1037.42,1050.05,993.78,998.53,988.63,20973312,RELIANCE
482,2020-03-18,1015.67,1026.17,951.98,959.41,949.89,20643079,RELIANCE
483,2020-03-19,911.46,957.92,883.82,909.08,900.07,28337941,RELIANCE
484,2020-03-20,930.68,1025.18,921.27,1008.39,998.39,29240849,RELIANCE
485,2020-03-23,907.6,941.08,867.43,875.75,867.06,18769636,RELIANCE
486,2020-03-24,921.27,960.89,887.39,934.54,925.27,21106643,RELIANCE
487,2020-03-25,954.75,1140.74,954.21,1072.09,1061.46,33749620,RELIANCE
488,2020-03-26,1085.51,1106.41,1032.56,1056.19,1045.71,21111073,RELIANCE
489,2020-03-27,1084.72,1096.9,1036.38,1055.59,1045.13,19225132,RELIANCE
490,2020-03-30,1030.83,1064.71,1010.42,1020.77,1010.65,13951078,RELIANCE
491,2020-03-31,1063.87,1119.19,1038.16,1103.29,1092.35,20441125,RELIANCE
492,2020-04-01,1111.71,1114.04,1035.39,1070.3,1059.69,19197220,RELIANCE
493,2020-04-03,1123.8,1123.8,1046.38,1067.33,1056.75,19091236,RELIANCE
494,2020-04-07,1091.75,1202.6,1089.67,1194.77,1182.93,25093419,RELIANCE
495,2020-04-08,1168.92,1217.46,1149.11,1180.96,1169.24,23019764,RELIANCE
496,2020-04-09,1202.6,1221.22,1181.8,1208.49,1196.51,15244658,RELIANCE
497,2020-04-13,1192.64,1203.59,1168.92,1177.98,1166.3,10925447,RELIANCE
498,2020-04-15,1185.81,1224.39,1132.27,1139.05,1127.76,16301024,RELIANCE
499,2020-04-16,1139.05,1176.3,1134.25,1157.08,1145.61,17285802,RELIANCE
500,2020-04-17,1204.58,1218.45,1181.45,1212.51,1200.48,15353792,RELIANCE
501,2020-04-20,1214.49,1245.2,1190.71,1232.12,1219.9,16628269,RELIANCE
502,2020-04-21,1198.64,1240.24,1153.07,1225.73,1213.58,28322996,RELIANCE
503,2020-04-22,1307.61,1371.9,1287.79,1350.8,1337.4,65848350,RELIANCE
504,2020-04-23,1354.51,1372.84,1340.59,1358.03,1344.56,30211857,RELIANCE
505,2020-04-24,1337.47,1480.91,1334.55,1403.69,1389.77,62296159,RELIANCE
506,2020-04-27,1420.53,1461.15,1409.64,1416.32,1402.28,26989849,RELIANCE
507,2020-04-28,1436.38,1441.78,1379.08,1414.74,1400.71,36206232,RELIANCE
508,2020-04-29,1431.33,1440.0,1406.67,1413.55,1399.53,17303785,RELIANCE
509,2020-04-30,1440.3,1480.91,1424.55,1452.23,1437.83,32926121,RELIANCE
510,2020-05-04,1426.48,1451.24,1404.14,1421.72,1407.63,24670336,RELIANCE
511,2020-05-05,1440.05,1465.11,1433.61,1446.93,1432.59,20723079,RELIANCE
512,2020-05-06,1450.25,1471.01,1431.93,1447.03,1432.68,18685710,RELIANCE
513,2020-05-07,1441.34,1499.44,1431.43,1492.8,1478.0,23087436,RELIANCE
514,2020-05-08,1530.49,1565.06,1522.67,1547.13,1531.79,38887255,RELIANCE
515,2020-05-11,1565.16,1599.84,1557.54,1561.99,1546.5,30959745,RELIANCE
516,2020-05-12,1550.11,1553.62,1451.24,1465.36,1450.83,46465281,RELIANCE
517,2020-05-13,1527.0,1527.0,1454.0,1496.45,1481.61,30657492,RELIANCE
518,2020-05-14,1469.0,1496.7,1430.05,1435.95,1421.71,22736607,RELIANCE
519,2020-05-15,1444.0,1466.7,1415.1,1459.4,1444.93,28683258,RELIANCE
520,2020-05-18,1470.0,1482.0,1428.0,1440.75,1426.46,28980385,RELIANCE
521,2020-05-19,1457.0,1461.7,1403.25,1408.9,1394.93,19528760,RELIANCE
522,2020-05-20,1410.0,1446.85,1393.0,1433.7,1419.48,25530626,RELIANCE
523,2020-05-21,1435.0,1461.45,1425.0,1441.25,1426.96,18076017,RELIANCE
524,2020-05-22,1451.8,1458.0,1426.5,1431.55,1417.35,17458065,RELIANCE
525,2020-05-26,1448.15,1449.7,1416.3,1424.05,1409.93,15329472,RELIANCE
526,2020-05-27,1431.0,1454.0,1412.0,1445.55,1431.22,16460756,RELIANCE
527,2020-05-28,1455.0,1479.75,1449.0,1472.25,1457.65,18518271,RELIANCE
528,2020-05-29,1468.0,1472.0,1452.65,1464.4,1449.88,18470390,RELIANCE
529,2020-06-01,1480.0,1538.35,1475.95,1520.35,1505.27,18434012,RELIANCE
530,2020-06-02,1526.0,1540.0,1520.8,1535.7,1520.47,10224049,RELIANCE
531,2020-06-03,1545.0,1560.0,1533.35,1541.65,1526.36,11713461,RELIANCE
532,2020-06-04,1544.0,1589.5,1541.0,1579.8,1564.13,15784379,RELIANCE
533,2020-06-05,1595.0,1618.0,1573.7,1581.7,1566.02,15264885,RELIANCE
534,2020-06-08,1618.4,1618.4,1565.0,1569.5,1553.94,14497996,RELIANCE
535,2020-06-09,1560.3,1583.0,1533.0,1537.15,1521.91,11933076,RELIANCE
536,2020-06-10,1543.1,1579.55,1540.05,1572.15,1556.56,10214213,RELIANCE
537,2020-06-11,1566.0,1567.95,1531.0,1537.7,1522.45,9408046,RELIANCE
538,2020-06-12,1500.0,1593.0,1497.0,1588.8,1573.05,17790311,RELIANCE
539,2020-06-15,1565.0,1626.95,1561.1,1614.55,1598.54,24509058,RELIANCE
540,2020-06-16,1643.0,1648.55,1585.3,1617.7,1601.66,23622794,RELIANCE
541,2020-06-17,1608.25,1635.45,1602.1,1615.35,1599.33,19282411,RELIANCE
542,2020-06-18,1607.0,1665.0,1605.6,1655.9,1639.48,18677617,RELIANCE
543,2020-06-19,1670.0,1788.8,1662.0,1759.4,1741.95,48828609,RELIANCE
544,2020-06-22,1773.4,1804.2,1735.0,1746.15,1728.83,27781693,RELIANCE
545,2020-06-23,1750.0,1763.75,1716.1,1720.9,1703.84,17519493,RELIANCE
546,2020-06-24,1735.9,1772.7,1711.7,1727.85,1710.72,23807033,RELIANCE
547,2020-06-25,1727.0,1749.0,1713.05,1717.9,1700.86,18312025,RELIANCE
548,2020-06-26,1728.8,1752.0,1717.0,1741.65,1724.38,14270458,RELIANCE
549,2020-06-29,1728.05,1739.75,1715.55,1723.15,1706.06,11824524,RELIANCE
550,2020-06-30,1737.0,1741.0,1695.55,1704.1,1687.2,13972563,RELIANCE
551,2020-07-01,1720.0,1749.0,1708.05,1737.6,1720.37,13136179,RELIANCE
552,2020-07-02,1743.0,1767.6,1735.05,1760.35,1749.44,13286365,RELIANCE
553,2020-07-03,1779.8,1793.0,1768.0,1787.9,1776.82,13583909,RELIANCE
554,2020-07-06,1805.0,1858.0,1792.1,1851.8,1840.32,21697962,RELIANCE
555,2020-07-07,1860.0,1864.35,1806.3,1823.45,1812.15,16239990,RELIANCE
556,2020-07-08,1824.05,1834.95,1790.0,1798.0,1786.85,12093186,RELIANCE
557,2020-07-09,1809.0,1835.0,1786.25,1824.25,1812.94,16807336,RELIANCE
558,2020-07-10,1828.5,1884.6,1824.25,1878.05,1866.41,20195218,RELIANCE
559,2020-07-13,1903.35,1947.7,1900.0,1935.0,1923.01,32124262,RELIANCE
560,2020-07-14,1934.0,1941.7,1887.3,1917.0,1905.12,31073305,RELIANCE
561,2020-07-15,1937.95,1978.8,1798.0,1844.0,1832.57,64457578,RELIANCE
562,2020-07-16,1847.0,1869.0,1812.45,1843.4,1831.97,28133826,RELIANCE
563,2020-07-17,1845.0,1920.0,1838.0,1911.7,1899.85,22948894,RELIANCE
564,2020-07-20,1917.8,1932.0,1899.65,1919.9,1908.0,16887635,RELIANCE
565,2020-07-21,1939.0,1977.0,1936.5,1971.55,1959.33,19463004,RELIANCE
566,2020-07-22,1983.0,2010.0,1960.7,2004.0,1991.58,27584518,RELIANCE
567,2020-07-23,2003.95,2079.7,1991.35,2057.8,2045.04,26921017,RELIANCE
568,2020-07-24,2058.0,2163.0,2057.8,2146.15,2132.85,55655668,RELIANCE
569,2020-07-27,2178.8,2198.8,2127.9,2156.2,2142.83,37060665,RELIANCE
570,2020-07-28,2156.2,2194.0,2150.65,2177.7,2164.2,25435297,RELIANCE
571,2020-07-29,2177.9,2182.8,2070.45,2096.65,2083.65,33534147,RELIANCE
572,2020-07-30,2099.0,2139.7,2072.0,2108.85,2095.78,33623699,RELIANCE
573,2020-07-31,2114.5,2129.0,2052.8,2067.1,2054.29,34593133,RELIANCE
574,2020-08-03,2051.3,2057.0,2003.1,2009.0,1996.55,21559142,RELIANCE
575,2020-08-04,2020.6,2167.0,2000.25,2150.6,2137.27,42476932,RELIANCE
576,2020-08-05,2169.0,2196.0,2118.3,2126.45,2113.27,34404810,RELIANCE
577,2020-08-06,2157.0,2167.7,2107.8,2134.1,2120.87,22762545,RELIANCE
578,2020-08-07,2129.8,2157.8,2120.2,2146.45,2133.15,15222303,RELIANCE
579,2020-08-10,2159.1,2165.0,2108.1,2119.85,2106.71,12441573,RELIANCE
580,2020-08-11,2134.8,2160.0,2100.35,2133.8,2120.57,21611256,RELIANCE
581,2020-08-12,2121.0,2145.0,2106.8,2127.6,2114.41,13967116,RELIANCE
582,2020-08-13,2128.0,2138.9,2110.0,2122.05,2108.9,11459190,RELIANCE
583,2020-08-14,2122.55,2157.0,2089.25,2113.8,2100.7,15333164,RELIANCE
584,2020-08-17,2105.0,2105.0,2070.1,2091.35,2078.39,14296834,RELIANCE
585,2020-08-18,2085.0,2134.3,2082.35,2118.55,2105.42,14097746,RELIANCE
586,2020-08-19,2141.0,2154.0,2121.35,2131.55,2118.34,15731396,RELIANCE
587,2020-08-20,2120.0,2123.9,2088.0,2097.05,2084.05,10401212,RELIANCE
588,2020-08-21,2118.0,2122.0,2077.0,2081.85,2068.95,11667129,RELIANCE
589,2020-08-24,2091.4,2104.5,2070.5,2095.75,2082.76,15098991,RELIANCE
590,2020-08-25,2106.0,2111.3,2078.0,2082.1,2069.19,8947563,RELIANCE
591,2020-08-26,2085.0,2147.95,2047.0,2137.3,2124.05,27630190,RELIANCE
592,2020-08-27,2148.0,2150.0,2103.25,2110.6,2097.52,12961252,RELIANCE
593,2020-08-28,2120.0,2132.9,2106.25,2116.15,2103.03,12537520,RELIANCE
594,2020-08-31,2174.0,2174.0,2060.35,2080.7,2067.8,28648125,RELIANCE
595,2020-09-01,2100.0,2122.4,2062.4,2087.25,2074.31,17821397,RELIANCE
596,2020-09-02,2092.0,2138.0,2085.0,2128.2,2115.01,12437162,RELIANCE
597,2020-09-03,2128.0,2138.75,2103.0,2112.1,2099.01,8577634,RELIANCE
598,2020-09-04,2083.55,2096.95,2072.2,2077.25,2064.37,13141644,RELIANCE
599,2020-09-07,2084.0,2105.75,2044.25,2082.65,2069.74,10119064,RELIANCE
600,2020-09-08,2092.0,2121.0,2080.5,2107.1,2094.04,12643749,RELIANCE
601,2020-09-09,2085.0,2167.8,2081.45,2161.35,2147.95,25525961,RELIANCE
602,2020-09-10,2183.1,2344.95,2175.35,2314.0,2299.66,64750460,RELIANCE
603,2020-09-11,2312.0,2337.85,2287.1,2319.75,2305.37,27445768,RELIANCE
604,2020-09-14,2325.0,2360.0,2282.0,2302.55,2288.28,20335273,RELIANCE
605,2020-09-15,2311.95,2325.75,2288.15,2318.85,2304.48,12542824,RELIANCE
606,2020-09-16,2320.0,2369.35,2310.55,2324.55,2310.14,15668979,RELIANCE
607,2020-09-17,2320.0,2333.7,2291.85,2298.75,2284.5,11919927,RELIANCE
608,2020-09-18,2314.25,2319.45,2276.55,2305.7,2291.41,15264068,RELIANCE
609,2020-09-21,2300.0,2336.0,2247.35,2255.85,2241.87,15519031,RELIANCE
610,2020-09-22,2277.0,2277.0,2201.55,2211.15,2197.44,16056620,RELIANCE
611,2020-09-23,2260.0,2276.75,2205.3,2230.8,2216.97,19839282,RELIANCE
612,2020-09-24,2207.9,2226.0,2176.05,2181.2,2167.68,13764841,RELIANCE
613,2020-09-25,2189.0,2212.8,2167.3,2201.7,2188.05,13095028,RELIANCE
614,2020-09-28,2227.0,2238.0,2207.05,2216.25,2202.51,9076248,RELIANCE
615,2020-09-29,2225.0,2264.0,2216.25,2245.05,2231.13,11926328,RELIANCE
616,2020-09-30,2260.0,2267.0,2225.0,2234.35,2220.5,11290667,RELIANCE
617,2020-10-01,2263.8,2263.8,2214.0,2225.25,2211.46,9591456,RELIANCE
618,2020-10-05,2244.0,2249.15,2206.0,2212.2,2198.49,8732869,RELIANCE
619,2020-10-06,2225.25,2233.9,2201.65,2210.35,2196.65,8497216,RELIANCE
620,2020-10-07,2235.0,2309.0,2220.0,2257.5,2243.51,24538346,RELIANCE
621,2020-10-08,2259.0,2268.0,2222.1,2239.25,2225.37,9727405,RELIANCE
622,2020-10-09,2235.0,2253.0,2217.1,2233.45,2219.61,8558745,RELIANCE
623,2020-10-12,2235.0,2255.75,2226.25,2237.05,2223.18,6565515,RELIANCE
624,2020-10-13,2230.6,2285.75,2225.85,2280.7,2266.56,10666190,RELIANCE
625,2020-10-14,2278.9,2304.0,2268.5,2287.5,2273.32,12341434,RELIANCE
626,2020-10-15,2290.0,2290.0,2195.0,2206.5,2192.82,9246702,RELIANCE
627,2020-10-16,2215.0,2232.5,2172.65,2175.8,2162.31,9960828,RELIANCE
628,2020-10-19,2190.05,2228.7,2155.15,2176.2,2162.71,14398973,RELIANCE
629,2020-10-20,2179.0,2193.0,2152.25,2155.9,2142.54,8529573,RELIANCE
630,2020-10-21,2168.0,2192.0,2097.75,2124.6,2111.43,15728986,RELIANCE
631,2020-10-22,2127.4,2132.5,2091.0,2106.95,2093.89,14215215,RELIANCE
632,2020-10-23,2106.0,2135.0,2096.4,2113.05,2099.95,10809307,RELIANCE
633,2020-10-26,2101.95,2101.95,2018.5,2029.1,2016.52,17225212,RELIANCE
634,2020-10-27,2034.9,2059.85,2005.0,2034.5,2021.89,16835005,RELIANCE
635,2020-10-28,2041.8,2057.7,2007.4,2011.45,1998.98,13809929,RELIANCE
636,2020-10-29,1997.0,2042.0,1991.0,2026.9,2014.34,14147418,RELIANCE
637,2020-10-30,2033.5,2065.1,2021.8,2054.5,2041.76,15700946,RELIANCE
638,2020-11-02,2027.0,2027.0,1859.15,1877.45,1865.81,45857806,RELIANCE
639,2020-11-03,1890.0,1909.0,1835.1,1850.4,1838.93,40931170,RELIANCE
640,2020-11-04,1837.0,1929.0,1837.0,1913.2,1901.34,37003111,RELIANCE
641,2020-11-05,1954.95,1960.95,1932.0,1955.0,1942.88,17170274,RELIANCE
642,2020-11-06,1990.0,2040.0,1978.15,2029.15,2016.57,30770080,RELIANCE
643,2020-11-09,2062.1,2069.0,2036.0,2050.7,2037.99,16539467,RELIANCE
644,2020-11-10,2077.0,2090.0,2041.2,2084.55,2071.63,17045147,RELIANCE
645,2020-11-11,2089.0,2095.0,1978.1,1997.2,1984.82,26178477,RELIANCE
646,2020-11-12,1981.0,2008.45,1965.0,1980.0,1967.73,18481466,RELIANCE
647,2020-11-13,1982.0,2036.65,1981.75,1996.4,1984.03,20946864,RELIANCE
648,2020-11-14,2014.9,2015.3,1995.35,2002.3,1989.89,2411900,RELIANCE
649,2020-11-17,2085.0,2085.0,1985.0,1993.25,1980.89,21479385,RELIANCE
650,2020-11-18,1993.25,2006.5,1960.1,1987.2,1974.88,14030652,RELIANCE
651,2020-11-19,1987.2,2010.45,1968.2,1973.15,1960.92,12828008,RELIANCE
652,2020-11-20,1975.0,1983.8,1895.0,1899.5,1887.73,26522972,RELIANCE
653,2020-11-23,1951.0,1970.0,1926.25,1950.7,1938.61,20918665,RELIANCE
654,2020-11-24,1964.0,1974.0,1932.0,1964.05,1951.88,14277083,RELIANCE
655,2020-11-25,1980.0,1992.95,1942.2,1947.8,1935.73,15062376,RELIANCE
656,2020-11-26,1953.05,1965.0,1930.05,1952.6,1940.5,11924527,RELIANCE
657,2020-11-27,1940.5,1956.1,1921.4,1929.8,1917.84,21845931,RELIANCE
658,2020-12-01,1940.35,1966.25,1930.05,1954.9,1942.78,9114939,RELIANCE
659,2020-12-02,1958.5,1962.0,1935.0,1958.15,1946.01,10240168,RELIANCE
660,2020-12-03,1972.0,1981.1,1958.65,1964.05,1951.88,12822945,RELIANCE
661,2020-12-04,1969.0,1969.0,1940.0,1946.75,1934.68,8521388,RELIANCE
662,2020-12-07,1940.6,1965.0,1940.6,1958.2,1946.06,8418767,RELIANCE
663,2020-12-08,1961.15,2014.25,1950.0,1993.75,1981.39,20030506,RELIANCE
664,2020-12-09,2009.95,2033.8,1999.25,2026.95,2014.39,13464375,RELIANCE
665,2020-12-10,2021.6,2028.5,2001.0,2007.0,1994.56,7414229,RELIANCE
666,2020-12-11,2013.0,2038.0,1974.25,2005.8,1993.37,12434745,RELIANCE
667,2020-12-14,2007.95,2015.0,1986.35,1991.3,1978.96,7989830,RELIANCE
668,2020-12-15,1989.7,1989.7,1961.1,1974.35,1962.11,8561406,RELIANCE
669,2020-12-16,1988.0,1994.95,1965.7,1976.55,1964.3,8565904,RELIANCE
670,2020-12-17,1984.5,2005.0,1977.15,1985.6,1973.29,9346460,RELIANCE
671,2020-12-18,1980.1,2004.9,1965.0,1991.55,1979.21,8522215,RELIANCE
672,2020-12-21,2010.0,2022.0,1855.25,1939.7,1927.68,20368545,RELIANCE
673,2020-12-22,1949.0,1958.9,1888.45,1936.7,1924.69,12986606,RELIANCE
674,2020-12-23,1930.0,1951.45,1920.65,1943.85,1931.8,8999898,RELIANCE
675,2020-12-24,1947.0,1998.8,1945.9,1994.15,1981.79,9588577,RELIANCE
676,2020-12-28,2006.7,2018.0,1995.3,2003.3,1990.88,7947719,RELIANCE
677,2020-12-29,2009.0,2012.3,1982.55,1990.05,1977.71,8589407,RELIANCE
678,2020-12-30,1995.25,2007.2,1975.55,1995.5,1983.13,10173132,RELIANCE
679,2020-12-31,1993.5,2011.9,1978.6,1985.3,1972.99,8667516,RELIANCE
680,2021-01-01,1988.0,1997.0,1982.0,1987.5,1975.18,4622002,RELIANCE
681,2021-01-04,1995.1,1998.9,1968.0,1990.85,1978.51,11312992,RELIANCE
682,2021-01-05,1969.0,1983.6,1956.0,1966.1,1953.91,11132803,RELIANCE
683,2021-01-06,1965.9,1966.0,1905.15,1914.25,1902.38,21414270,RELIANCE
684,2021-01-07,1920.5,1945.0,1905.15,1911.15,1899.3,14918406,RELIANCE
685,2021-01-08,1918.0,1938.4,1912.1,1933.7,1921.71,12709792,RELIANCE
686,2021-01-11,1938.8,1938.8,1892.5,1897.25,1885.49,15371556,RELIANCE
687,2021-01-12,1903.0,1960.0,1899.9,1957.05,1944.92,18996047,RELIANCE
688,2021-01-13,1963.55,1974.95,1918.45,1938.8,1926.78,12284876,RELIANCE
689,2021-01-14,1945.0,1966.9,1939.05,1960.6,1948.45,9946818,RELIANCE
690,2021-01-15,1960.6,1973.8,1920.05,1937.45,1925.44,9503790,RELIANCE
691,2021-01-18,1949.1,1997.0,1923.35,1983.95,1971.65,16198856,RELIANCE
692,2021-01-19,1994.65,2031.0,1994.65,2016.4,2003.9,14771048,RELIANCE
693,2021-01-20,2021.4,2058.0,2001.4,2054.7,2041.96,14271669,RELIANCE
694,2021-01-21,2082.0,2120.0,2075.0,2099.4,2086.39,18038987,RELIANCE
695,2021-01-22,2111.0,2115.35,2035.15,2049.6,2036.9,14090818,RELIANCE
696,2021-01-25,2034.95,2034.95,1932.0,1941.0,1928.97,25016570,RELIANCE
697,2021-01-27,1925.0,1925.0,1888.0,1895.0,1883.25,19553809,RELIANCE
698,2021-01-28,1880.15,1923.3,1870.0,1876.55,1864.92,15722291,RELIANCE
699,2021-01-29,1894.3,1913.1,1830.0,1841.95,1830.53,20173258,RELIANCE
700,2021-02-01,1859.4,1905.0,1848.0,1895.3,1883.55,15774504,RELIANCE
701,2021-02-02,1914.25,1940.0,1854.95,1925.8,1913.86,19138414,RELIANCE
702,2021-02-03,1928.3,1952.0,1900.0,1930.65,1918.68,13984228,RELIANCE
703,2021-02-04,1924.0,1940.0,1905.0,1924.3,1912.37,11826848,RELIANCE
704,2021-02-05,1930.05,1944.65,1920.0,1923.75,1911.83,9344470,RELIANCE
705,2021-02-08,1933.05,1969.0,1929.05,1951.45,1939.35,9776136,RELIANCE
706,2021-02-09,1961.95,1989.6,1952.3,1956.15,1944.02,9047308,RELIANCE
707,2021-02-10,1953.75,1984.75,1927.3,1974.3,1962.06,9799560,RELIANCE
708,2021-02-11,1980.0,2064.2,1972.25,2055.7,2042.96,19631870,RELIANCE
709,2021-02-12,2055.5,2078.0,2015.4,2041.6,2028.94,14074374,RELIANCE
710,2021-02-15,2048.05,2061.3,2025.0,2032.6,2020.0,7287590,RELIANCE
711,2021-02-16,2039.75,2079.4,2035.0,2059.5,2046.73,9886093,RELIANCE
712,2021-02-17,2060.0,2095.95,2050.6,2083.25,2070.34,10957388,RELIANCE
713,2021-02-18,2085.0,2108.4,2059.1,2067.7,2054.88,8605531,RELIANCE
714,2021-02-19,2057.0,2104.95,2053.3,2080.3,2067.41,10800704,RELIANCE
715,2021-02-22,2080.0,2089.9,1994.95,2008.1,1995.65,10985697,RELIANCE
716,2021-02-23,2048.0,2052.9,2013.6,2023.45,2010.91,11834752,RELIANCE
717,2021-02-24,2030.0,2065.25,2026.15,2061.0,2048.22,4987735,RELIANCE
718,2021-02-25,2076.0,2152.0,2073.0,2144.35,2131.06,16085897,RELIANCE
719,2021-02-26,2117.0,2133.9,2070.7,2085.8,2072.87,17297575,RELIANCE
720,2021-03-01,2110.2,2112.0,2062.5,2101.7,2088.67,8159670,RELIANCE
721,2021-03-02,2122.0,2130.0,2089.1,2106.0,2092.95,7915073,RELIANCE
722,2021-03-03,2121.05,2219.9,2107.2,2202.1,2188.45,14733134,RELIANCE
723,2021-03-04,2180.0,2189.95,2157.7,2175.85,2162.36,9892597,RELIANCE
724,2021-03-05,2156.0,2211.95,2153.05,2178.7,2165.19,11773630,RELIANCE
725,2021-03-08,2168.5,2231.9,2168.0,2191.1,2177.52,9002404,RELIANCE
726,2021-03-09,2200.0,2213.8,2146.6,2191.05,2177.47,6993792,RELIANCE
727,2021-03-10,2207.0,2215.1,2170.25,2181.95,2168.42,5316182,RELIANCE
728,2021-03-12,2195.0,2206.4,2123.9,2137.6,2124.35,7783173,RELIANCE
729,2021-03-15,2140.05,2148.9,2080.5,2108.9,2095.83,7706170,RELIANCE
730,2021-03-16,2114.0,2126.0,2095.5,2100.6,2087.58,6402757,RELIANCE
731,2021-03-17,2098.05,2103.0,2035.1,2055.35,2042.61,8865521,RELIANCE
732,2021-03-18,2072.9,2084.8,2001.0,2009.1,1996.65,9528809,RELIANCE
733,2021-03-19,1991.0,2095.85,1982.8,2082.0,2069.09,19284892,RELIANCE
734,2021-03-22,2071.0,2074.0,2033.2,2062.4,2049.62,8571196,RELIANCE
735,2021-03-23,2061.95,2109.7,2056.0,2087.5,2074.56,8039865,RELIANCE
736,2021-03-24,2079.75,2079.75,2040.4,2047.3,2034.61,7763726,RELIANCE
737,2021-03-25,2054.0,2054.0,1985.0,1991.45,1979.11,10153757,RELIANCE
738,2021-03-26,2012.0,2013.7,1973.7,1994.65,1982.29,9313160,RELIANCE
739,2021-03-30,2008.0,2048.9,1991.55,2029.3,2016.72,9433842,RELIANCE
740,2021-03-31,2018.0,2049.9,1999.0,2003.1,1990.68,7499740,RELIANCE
741,2021-04-01,2018.0,2030.0,2003.15,2021.85,2009.32,5410307,RELIANCE
742,2021-04-05,2024.95,2025.0,1962.1,1992.6,1980.25,6864856,RELIANCE
743,2021-04-06,2004.0,2004.95,1969.0,1984.3,1972.0,6465241,RELIANCE
744,2021-04-07,2000.0,2046.9,1993.3,2002.85,1990.43,11198918,RELIANCE
745,2021-04-08,2011.0,2022.0,1993.0,2005.35,1992.92,7092878,RELIANCE
746,2021-04-09,1998.45,2006.35,1980.0,1982.05,1969.76,6478482,RELIANCE
747,2021-04-12,1959.0,1961.4,1900.25,1911.15,1899.3,9646031,RELIANCE
748,2021-04-13,1924.0,1940.6,1917.85,1931.8,1919.83,8958261,RELIANCE
749,2021-04-15,1926.3,1961.0,1913.0,1944.3,1932.25,9102492,RELIANCE
750,2021-04-16,1936.6,1949.9,1926.45,1932.1,1920.12,7225679,RELIANCE
751,2021-04-19,1904.0,1916.4,1890.0,1901.7,1889.91,8527967,RELIANCE
752,2021-04-20,1910.5,1919.0,1890.45,1901.15,1889.37,7939490,RELIANCE
753,2021-04-22,1892.25,1914.45,1876.7,1906.4,1894.58,6687573,RELIANCE
754,2021-04-23,1906.0,1918.9,1895.35,1904.35,1892.55,5459016,RELIANCE
755,2021-04-26,1920.0,1962.0,1911.5,1937.85,1925.84,9620785,RELIANCE
756,2021-04-27,1940.0,1997.2,1938.25,1988.65,1976.32,9226547,RELIANCE
757,2021-04-28,1997.85,2008.0,1980.15,1997.3,1984.92,7902002,RELIANCE
758,2021-04-29,2022.9,2044.5,2007.3,2024.05,2011.5,8035915,RELIANCE
759,2021-04-30,2008.5,2036.0,1987.55,1994.5,1982.14,9150974,RELIANCE
760,2021-05-03,1966.0,1979.0,1943.1,1959.05,1946.91,10909942,RELIANCE
761,2021-05-04,1950.0,1967.8,1911.0,1916.6,1904.72,10083693,RELIANCE
762,2021-05-05,1923.35,1938.5,1908.05,1920.1,1908.2,5719649,RELIANCE
763,2021-05-06,1921.85,1935.0,1906.6,1931.0,1919.03,6749281,RELIANCE
764,2021-05-07,1937.75,1955.65,1926.0,1931.75,1919.78,5671163,RELIANCE
765,2021-05-10,1939.0,1946.8,1920.95,1926.2,1914.26,6433879,RELIANCE
766,2021-05-11,1915.0,1938.55,1910.0,1933.15,1921.17,6220217,RELIANCE
767,2021-05-12,1930.1,1932.9,1907.0,1913.15,1901.29,6081627,RELIANCE
768,2021-05-14,1928.05,1942.0,1906.0,1937.3,1925.29,6134079,RELIANCE
769,2021-05-17,1937.3,1963.45,1930.4,1960.35,1948.2,5479424,RELIANCE
770,2021-05-18,1981.0,2002.6,1972.5,1987.95,1975.63,5567958,RELIANCE
771,2021-05-19,1980.0,2016.45,1972.0,1997.05,1984.67,7530294,RELIANCE
772,2021-05-20,1997.9,2010.9,1981.0,1985.4,1973.09,5271497,RELIANCE
773,2021-05-21,1992.0,2009.6,1986.0,2002.55,1990.14,4977555,RELIANCE
774,2021-05-24,2008.0,2009.8,1982.0,1985.65,1973.34,3946636,RELIANCE
775,2021-05-25,1996.4,1997.0,1960.0,1963.15,1950.98,6821015,RELIANCE
776,2021-05-26,1975.0,1979.5,1965.3,1970.05,1957.84,3452113,RELIANCE
777,2021-05-27,1970.3,1993.0,1962.25,1976.1,1963.85,12377100,RELIANCE
778,2021-05-28,1990.0,2105.0,1990.0,2094.8,2081.82,26060864,RELIANCE
779,2021-05-31,2102.0,2191.7,2085.05,2160.3,2146.91,27285782,RELIANCE
780,2021-06-01,2166.0,2202.0,2146.5,2168.9,2155.46,12928379,RELIANCE
781,2021-06-02,2157.0,2209.5,2157.0,2201.25,2187.61,11366816,RELIANCE
782,2021-06-03,2221.0,2250.0,2196.1,2209.65,2195.95,11064116,RELIANCE
783,2021-06-04,2214.8,2216.45,2184.25,2190.5,2176.92,6677278,RELIANCE
784,2021-06-07,2202.0,2242.0,2185.0,2227.4,2213.59,7539326,RELIANCE
785,2021-06-08,2226.6,2227.15,2198.15,2214.6,2200.87,4464889,RELIANCE
786,2021-06-09,2219.0,2221.0,2157.95,2175.0,2161.52,5265326,RELIANCE
787,2021-06-10,2193.4,2230.0,2177.55,2183.0,2169.47,6532832,RELIANCE
788,2021-06-11,2182.9,2228.0,2180.1,2213.15,2206.51,6351520,RELIANCE
789,2021-06-14,2215.0,2258.25,2195.05,2244.9,2238.16,9383416,RELIANCE
790,2021-06-15,2261.0,2274.9,2240.3,2250.0,2243.25,7002898,RELIANCE
791,2021-06-16,2244.9,2247.05,2205.85,2211.6,2204.96,4982975,RELIANCE
792,2021-06-17,2200.0,2235.0,2179.9,2215.65,2209.0,7266765,RELIANCE
793,2021-06-18,2225.5,2235.0,2184.35,2225.65,2218.97,13553801,RELIANCE
794,2021-06-21,2203.5,2247.5,2200.15,2237.25,2230.53,5624044,RELIANCE
795,2021-06-22,2254.0,2261.0,2219.35,2225.75,2219.07,5940386,RELIANCE
796,2021-06-23,2250.0,2250.6,2201.7,2205.35,2198.73,7685796,RELIANCE
797,2021-06-24,2206.85,2214.6,2140.0,2153.5,2147.04,42209687,RELIANCE
798,2021-06-25,2153.5,2153.5,2081.1,2104.45,2098.13,25546334,RELIANCE
799,2021-06-28,2122.0,2126.5,2081.0,2086.0,2079.74,9357852,RELIANCE
800,2021-06-29,2089.5,2109.0,2084.1,2087.8,2081.53,12526981,RELIANCE
801,2021-06-30,2096.25,2122.65,2091.05,2110.65,2104.31,9120556,RELIANCE
802,2021-07-01,2118.0,2123.15,2095.0,2097.95,2091.65,5784627,RELIANCE
803,2021-07-02,2097.0,2132.9,2092.95,2129.05,2122.66,6500973,RELIANCE
804,2021-07-05,2136.45,2153.55,2131.5,2150.2,2143.75,5400604,RELIANCE
805,2021-07-06,2144.95,2148.9,2120.2,2124.8,2118.42,4647361,RELIANCE
806,2021-07-07,2127.75,2127.75,2098.0,2110.05,2103.72,4824931,RELIANCE
807,2021-07-08,2116.95,2116.95,2081.0,2092.6,2086.32,5162088,RELIANCE
808,2021-07-09,2088.0,2091.7,2066.1,2071.2,2064.98,4170886,RELIANCE
809,2021-07-12,2079.75,2101.5,2074.5,2084.1,2077.84,3962111,RELIANCE
810,2021-07-13,2100.0,2103.05,2088.05,2099.7,2093.4,3099956,RELIANCE
811,2021-07-14,2100.35,2106.85,2081.25,2086.0,2079.74,3937768,RELIANCE
812,2021-07-15,2095.0,2095.0,2078.5,2082.35,2076.1,4360415,RELIANCE
813,2021-07-16,2087.75,2114.75,2087.6,2112.4,2106.06,4074206,RELIANCE
814,2021-07-19,2100.0,2124.0,2092.25,2098.95,2092.65,3855577,RELIANCE
815,2021-07-20,2099.5,2108.0,2084.0,2093.8,2087.52,3111185,RELIANCE
816,2021-07-22,2119.0,2123.9,2098.15,2120.7,2114.33,3679260,RELIANCE
817,2021-07-23,2134.45,2134.45,2102.05,2105.7,2099.38,4585938,RELIANCE
818,2021-07-26,2108.0,2121.0,2071.1,2076.85,2070.62,5717830,RELIANCE
819,2021-07-27,2076.8,2083.7,2042.0,2055.0,2048.83,4995516,RELIANCE
820,2021-07-28,2058.0,2058.0,2016.25,2037.35,2031.23,5952355,RELIANCE
821,2021-07-29,2054.0,2074.4,2043.4,2053.25,2047.09,6352886,RELIANCE
822,2021-07-30,2058.0,2067.95,2031.1,2035.3,2029.19,5238304,RELIANCE
823,2021-08-02,2054.3,2079.4,2041.15,2072.5,2066.28,5041934,RELIANCE
824,2021-08-03,2090.0,2091.0,2064.2,2087.75,2081.48,5453682,RELIANCE
825,2021-08-04,2094.4,2114.0,2087.0,2103.75,2097.44,6077861,RELIANCE
826,2021-08-05,2114.3,2154.8,2104.25,2134.25,2127.84,9807831,RELIANCE
827,2021-08-06,2129.95,2146.95,2078.75,2089.05,2082.78,7670583,RELIANCE
828,2021-08-09,2081.0,2089.8,2066.5,2077.15,2070.92,3458546,RELIANCE
829,2021-08-10,2082.0,2113.0,2073.75,2088.05,2081.78,5500708,RELIANCE
830,2021-08-11,2096.95,2120.0,2083.4,2117.3,2110.94,4238859,RELIANCE
831,2021-08-12,2124.9,2126.2,2105.0,2110.5,2104.17,3755507,RELIANCE
832,2021-08-13,2117.3,2149.9,2108.95,2145.65,2139.21,5898384,RELIANCE
833,2021-08-16,2149.35,2203.0,2128.15,2173.5,2166.98,10123204,RELIANCE
834,2021-08-17,2168.85,2185.2,2147.85,2164.25,2157.75,5841743,RELIANCE
835,2021-08-18,2174.0,2186.8,2152.6,2172.65,2166.13,4650008,RELIANCE
836,2021-08-20,2143.0,2172.0,2137.0,2148.25,2141.8,4350228,RELIANCE
837,2021-08-23,2174.0,2174.0,2132.3,2162.35,2155.86,4547802,RELIANCE
838,2021-08-24,2165.05,2192.0,2155.6,2183.7,2177.15,5475452,RELIANCE
839,2021-08-25,2185.4,2220.0,2180.1,2202.6,2195.99,6175126,RELIANCE
840,2021-08-26,2208.0,2244.9,2205.0,2230.45,2223.75,8579105,RELIANCE
841,2021-08-27,2237.0,2242.75,2216.05,2227.4,2220.71,4836812,RELIANCE
842,2021-08-30,2250.0,2275.85,2236.8,2270.25,2263.44,6473487,RELIANCE
843,2021-08-31,2276.9,2283.75,2242.25,2258.15,2251.37,12223037,RELIANCE
844,2021-09-01,2273.0,2292.9,2263.0,2267.1,2260.29,5143640,RELIANCE
845,2021-09-02,2255.0,2307.8,2255.0,2294.4,2287.51,4595048,RELIANCE
846,2021-09-03,2310.0,2395.0,2302.5,2388.5,2381.33,14151629,RELIANCE
847,2021-09-06,2413.0,2480.0,2412.0,2425.6,2418.32,15525644,RELIANCE
848,2021-09-07,2430.0,2458.0,2412.0,2440.9,2433.57,8006968,RELIANCE
849,2021-09-08,2452.0,2454.0,2406.65,2431.35,2424.05,6600210,RELIANCE
850,2021-09-09,2427.9,2437.85,2416.1,2425.6,2418.32,4136538,RELIANCE
851,2021-09-13,2433.0,2433.0,2368.05,2371.55,2364.43,7527598,RELIANCE
852,2021-09-14,2375.0,2394.0,2366.0,2368.45,2361.34,4111205,RELIANCE
853,2021-09-15,2368.5,2395.75,2368.5,2378.3,2371.16,4186300,RELIANCE
854,2021-09-16,2381.55,2436.75,2367.0,2428.2,2420.91,6206657,RELIANCE
855,2021-09-17,2446.0,2455.85,2375.6,2390.55,2383.37,16098099,RELIANCE
856,2021-09-20,2372.1,2418.35,2370.0,2394.35,2387.16,5436385,RELIANCE
857,2021-09-21,2405.0,2416.6,2384.0,2404.7,2397.48,4576111,RELIANCE
858,2021-09-22,2408.0,2442.0,2398.25,2430.5,2423.2,5074612,RELIANCE
859,2021-09-23,2447.4,2497.0,2445.5,2489.9,2482.43,7267883,RELIANCE
860,2021-09-24,2503.55,2505.45,2472.0,2482.7,2475.25,7011181,RELIANCE
861,2021-09-27,2487.0,2529.9,2475.3,2524.45,2516.87,7095022,RELIANCE
862,2021-09-28,2534.0,2564.9,2512.8,2548.05,2540.4,8323269,RELIANCE
863,2021-09-29,2570.0,2570.0,2520.05,2527.85,2520.26,4485721,RELIANCE
864,2021-09-30,2525.0,2534.6,2500.35,2519.25,2511.69,6272085,RELIANCE
865,2021-10-01,2501.95,2539.8,2495.0,2523.7,2516.12,4134544,RELIANCE
866,2021-10-04,2553.0,2574.85,2537.05,2556.15,2548.48,5038910,RELIANCE
867,2021-10-05,2555.1,2612.0,2547.35,2609.2,2601.37,6245770,RELIANCE
868,2021-10-06,2619.95,2619.95,2551.1,2559.85,2552.17,4734472,RELIANCE
869,2021-10-07,2595.0,2598.75,2567.7,2572.4,2564.68,2924370,RELIANCE
870,2021-10-08,2585.25,2684.4,2581.5,2671.25,2663.23,7279003,RELIANCE
871,2021-10-11,2701.4,2720.0,2645.35,2652.65,2644.69,6815737,RELIANCE
872,2021-10-12,2645.0,2683.0,2641.25,2667.8,2659.79,3083747,RELIANCE
873,2021-10-13,2679.0,2719.5,2669.3,2694.95,2686.86,4596429,RELIANCE
874,2021-10-14,2700.35,2717.45,2687.2,2700.4,2692.29,3979730,RELIANCE
875,2021-10-18,2668.6,2745.0,2662.3,2707.6,2699.47,6273850,RELIANCE
876,2021-10-19,2723.8,2751.35,2708.0,2731.85,2723.65,4076617,RELIANCE
877,2021-10-20,2742.75,2742.75,2691.5,2700.4,2692.29,5865926,RELIANCE
878,2021-10-21,2727.4,2728.0,2603.2,2622.5,2614.63,9613812,RELIANCE
879,2021-10-22,2620.0,2664.9,2611.5,2627.4,2619.51,5089178,RELIANCE
880,2021-10-25,2680.0,2680.0,2570.0,2601.8,2593.99,7937067,RELIANCE
881,2021-10-26,2617.1,2668.9,2603.15,2661.05,2653.06,4499706,RELIANCE
882,2021-10-27,2652.0,2676.8,2619.95,2627.4,2619.51,4567140,RELIANCE
883,2021-10-28,2620.0,2637.95,2590.5,2598.6,2590.8,4562471,RELIANCE
884,2021-10-29,2596.15,2596.15,2501.7,2536.25,2528.64,6568539,RELIANCE
885,2021-11-01,2536.25,2556.0,2494.1,2537.8,2530.18,7144532,RELIANCE
886,2021-11-02,2545.0,2548.0,2495.25,2500.8,2493.29,4877652,RELIANCE
887,2021-11-03,2506.05,2520.0,2461.0,2483.6,2476.15,5533120,RELIANCE
888,2021-11-04,2492.95,2504.9,2490.0,2498.85,2491.35,787160,RELIANCE
889,2021-11-08,2519.4,2520.0,2456.4,2501.95,2494.44,9385607,RELIANCE
890,2021-11-09,2505.0,2528.9,2487.05,2521.7,2514.13,7237470,RELIANCE
891,2021-11-10,2516.7,2558.0,2503.65,2549.9,2542.25,4731975,RELIANCE
892,2021-11-11,2540.05,2570.5,2535.55,2554.55,2546.88,4948422,RELIANCE
893,2021-11-12,2562.9,2598.75,2557.0,2593.1,2585.32,4020744,RELIANCE
894,2021-11-15,2600.0,2602.2,2570.0,2577.8,2570.06,2216708,RELIANCE
895,2021-11-16,2572.05,2575.0,2495.0,2517.9,2510.34,5232292,RELIANCE
896,2021-11-17,2498.95,2498.95,2461.0,2464.0,2456.6,4708235,RELIANCE
897,2021-11-18,2460.0,2489.0,2450.05,2473.3,2465.88,3925345,RELIANCE
898,2021-11-22,2436.1,2449.0,2351.0,2363.75,2356.65,11133364,RELIANCE
899,2021-11-23,2333.05,2401.25,2309.0,2385.85,2378.69,11688406,RELIANCE
900,2021-11-24,2380.0,2409.9,2343.55,2351.4,2344.34,7762564,RELIANCE
901,2021-11-25,2373.0,2502.0,2357.15,2492.95,2485.47,19568487,RELIANCE
902,2021-11-26,2467.8,2477.6,2401.5,2412.6,2405.36,7274686,RELIANCE
903,2021-11-29,2439.1,2500.0,2399.1,2441.5,2434.17,11226147,RELIANCE
904,2021-11-30,2468.0,2475.9,2388.85,2405.4,2398.18,14847511,RELIANCE
905,2021-12-01,2433.0,2474.0,2425.1,2467.0,2459.59,4663276,RELIANCE
906,2021-12-02,2469.7,2496.2,2461.6,2482.85,2475.4,5870468,RELIANCE
907,2021-12-03,2498.4,2498.5,2400.0,2408.25,2401.02,8871172,RELIANCE
908,2021-12-06,2416.0,2425.0,2357.15,2362.6,2355.51,4768334,RELIANCE
909,2021-12-07,2376.15,2404.0,2360.0,2381.85,2374.7,5185007,RELIANCE
910,2021-12-08,2424.1,2431.8,2406.3,2418.1,2410.84,4035437,RELIANCE
911,2021-12-09,2435.0,2474.9,2425.0,2456.45,2449.08,6098050,RELIANCE
912,2021-12-10,2440.25,2466.0,2430.35,2458.95,2451.57,3860176,RELIANCE
913,2021-12-13,2473.5,2474.1,2404.0,2409.65,2402.42,5954148,RELIANCE
914,2021-12-14,2380.0,2406.0,2373.4,2380.15,2373.01,5995586,RELIANCE
915,2021-12-15,2384.0,2405.0,2361.1,2373.2,2366.08,4322855,RELIANCE
916,2021-12-16,2405.7,2415.5,2368.65,2403.9,2396.68,4504829,RELIANCE
917,2021-12-17,2398.05,2408.0,2320.0,2340.45,2333.42,9714489,RELIANCE
918,2021-12-20,2317.85,2317.85,2247.1,2277.35,2270.51,6611376,RELIANCE
919,2021-12-21,2311.35,2346.0,2292.2,2311.25,2304.31,5924071,RELIANCE
920,2021-12-22,2324.9,2371.9,2322.0,2366.1,2359.0,8149415,RELIANCE
921,2021-12-23,2374.0,2380.0,2358.05,2365.25,2358.15,4186912,RELIANCE
922,2021-12-24,2370.0,2392.0,2337.55,2372.8,2365.68,3639616,RELIANCE
923,2021-12-27,2361.55,2378.0,2348.1,2370.25,2363.14,1853948,RELIANCE
924,2021-12-28,2375.6,2404.85,2373.05,2398.4,2391.2,2941883,RELIANCE
925,2021-12-29,2391.0,2419.0,2382.1,2402.5,2395.29,7118779,RELIANCE
926,2021-12-30,2400.0,2404.95,2345.6,2359.1,2352.02,13537254,RELIANCE
927,2021-12-31,2373.0,2383.9,2360.0,2368.15,2361.04,4373768,RELIANCE
928,2022-01-03,2365.0,2407.95,2363.55,2403.85,2396.63,2502073,RELIANCE
929,2022-01-04,2415.9,2461.0,2404.0,2458.1,2450.72,5006225,RELIANCE
930,2022-01-05,2462.0,2477.0,2432.95,2469.6,2462.19,5373618,RELIANCE
931,2022-01-06,2451.2,2454.0,2409.0,2416.5,2409.25,6667483,RELIANCE
932,2022-01-07,2430.95,2458.05,2411.55,2436.0,2428.69,6051239,RELIANCE
933,2022-01-10,2452.0,2457.0,2416.05,2438.0,2430.68,4267365,RELIANCE
934,2022-01-11,2436.0,2474.95,2435.0,2455.55,2448.18,7478681,RELIANCE
935,2022-01-12,2471.3,2524.95,2465.0,2521.1,2513.53,6830402,RELIANCE
936,2022-01-13,2521.25,2541.0,2508.4,2535.3,2527.69,5471871,RELIANCE
937,2022-01-14,2535.0,2567.3,2525.85,2539.0,2531.38,9197773,RELIANCE
938,2022-01-17,2538.0,2565.0,2537.0,2552.25,2544.59,3708822,RELIANCE
939,2022-01-18,2554.75,2562.35,2515.75,2521.8,2514.23,2868235,RELIANCE
940,2022-01-19,2530.0,2542.0,2509.0,2521.6,2514.03,4502155,RELIANCE
941,2022-01-20,2500.05,2509.95,2455.0,2477.45,2470.01,7612203,RELIANCE
942,2022-01-21,2452.0,2502.25,2452.0,2477.85,2470.41,6155759,RELIANCE
943,2022-01-24,2475.0,2504.75,2355.1,2377.9,2370.76,10092511,RELIANCE
944,2022-01-25,2349.55,2388.65,2305.0,2373.25,2366.13,11311456,RELIANCE
945,2022-01-27,2336.0,2356.1,2311.05,2338.1,2331.08,9239426,RELIANCE
946,2022-01-28,2365.0,2375.9,2328.4,2335.85,2328.84,6769154,RELIANCE
947,2022-01-31,2360.2,2406.4,2356.2,2386.6,2379.44,5604308,RELIANCE
948,2022-02-01,2408.0,2420.6,2347.1,2378.7,2371.56,6092033,RELIANCE
949,2022-02-02,2407.0,2407.0,2375.1,2383.55,2376.4,4623163,RELIANCE
950,2022-02-03,2392.0,2401.45,2347.2,2352.75,2345.69,4417864,RELIANCE
951,2022-02-04,2341.0,2348.45,2321.1,2331.3,2324.3,5104761,RELIANCE
952,2022-02-07,2342.0,2356.8,2305.0,2317.1,2310.14,4944725,RELIANCE
953,2022-02-08,2330.65,2360.0,2310.0,2356.05,2348.98,5566080,RELIANCE
954,2022-02-09,2371.15,2387.2,2358.0,2383.5,2376.35,5300891,RELIANCE
955,2022-02-10,2395.7,2395.7,2365.1,2381.05,2373.9,5752361,RELIANCE
956,2022-02-11,2373.25,2384.5,2344.1,2376.4,2369.27,7357863,RELIANCE
957,2022-02-14,2340.25,2354.95,2313.0,2338.55,2331.53,4947109,RELIANCE
958,2022-02-15,2351.2,2423.9,2335.7,2417.95,2410.69,5174646,RELIANCE
959,2022-02-16,2430.0,2433.0,2395.95,2412.95,2405.71,4796294,RELIANCE
960,2022-02-17,2420.1,2454.9,2410.0,2443.5,2436.17,5931774,RELIANCE
961,2022-02-18,2444.4,2456.4,2420.15,2424.4,2417.12,3126873,RELIANCE
962,2022-02-21,2412.0,2437.5,2384.6,2399.9,2392.7,5125968,RELIANCE
963,2022-02-22,2352.9,2395.9,2347.15,2389.0,2381.83,6227901,RELIANCE
964,2022-02-23,2401.1,2406.55,2368.0,2374.05,2366.92,3373615,RELIANCE
965,2022-02-24,2305.0,2339.9,2243.4,2255.75,2248.98,11466725,RELIANCE
966,2022-02-25,2280.1,2307.95,2276.25,2283.95,2277.09,6724094,RELIANCE
967,2022-02-28,2243.0,2367.35,2243.0,2359.55,2352.47,9828768,RELIANCE
968,2022-03-02,2334.45,2401.0,2329.2,2398.55,2391.35,9909226,RELIANCE
969,2022-03-03,2400.0,2414.85,2370.05,2378.3,2371.16,4701183,RELIANCE
970,2022-03-04,2353.0,2364.3,2320.35,2325.55,2318.57,4986814,RELIANCE
971,2022-03-07,2278.7,2312.1,2222.0,2239.55,2232.83,8299295,RELIANCE
972,2022-03-08,2211.5,2246.0,2180.0,2235.5,2228.79,9825043,RELIANCE
973,2022-03-09,2236.0,2367.0,2234.15,2354.1,2347.03,9421163,RELIANCE
974,2022-03-10,2400.0,2405.0,2360.0,2392.25,2385.07,8297995,RELIANCE
975,2022-03-11,2376.05,2411.0,2376.05,2399.15,2391.95,5656799,RELIANCE
976,2022-03-14,2386.9,2424.4,2374.0,2418.85,2411.59,3849222,RELIANCE
977,2022-03-15,2427.95,2427.95,2340.85,2363.45,2356.36,7349740,RELIANCE
978,2022-03-16,2382.0,2407.9,2377.1,2403.35,2396.14,5145644,RELIANCE
979,2022-03-17,2432.75,2497.4,2415.1,2481.7,2474.25,9886295,RELIANCE
980,2022-03-21,2444.0,2484.0,2439.0,2467.4,2459.99,5537752,RELIANCE
981,2022-03-22,2460.1,2534.95,2453.6,2531.15,2523.55,10410082,RELIANCE
982,2022-03-23,2523.0,2564.85,2523.0,2539.2,2531.58,7135797,RELIANCE
983,2022-03-24,2510.0,2584.15,2510.0,2578.65,2570.91,6077153,RELIANCE
984,2022-03-25,2582.5,2616.0,2577.0,2595.85,2588.06,6563676,RELIANCE
985,2022-03-28,2610.0,2629.75,2586.5,2621.95,2614.08,4564891,RELIANCE
986,2022-03-29,2638.0,2638.0,2607.4,2622.55,2614.68,4007695,RELIANCE
987,2022-03-30,2639.9,2688.0,2617.1,2672.95,2664.93,7297028,RELIANCE
988,2022-03-31,2664.95,2669.7,2628.6,2634.75,2626.84,6102744,RELIANCE
