Date,CIPLA,HUL,INFY,RIL
02-04-2018,562.826416,1246.38623,501.081512,865.632141
03-04-2018,557.014954,1243.711426,502.535675,872.030273
04-04-2018,556.526672,1252.058594,495.375122,867.522522
05-04-2018,547.296753,1274.887085,505.664398,880.415649
06-04-2018,545.929382,1268.061768,496.608948,883.130005
09-04-2018,543.78064,1283.557251,489.668732,887.976929
10-04-2018,545.148071,1283.465088,490.616211,888.994873
11-04-2018,548.420044,1299.744629,495.397217,902.372742
12-04-2018,543.194641,1303.065186,512.296082,900.288452
13-04-2018,542.559692,1301.036255,516.19574,910.12793
16-04-2018,571.323792,1309.291016,499.340973,908.382996
17-04-2018,566.440247,1333.318726,495.815765,915.362671
18-04-2018,570.981873,1337.884399,496.146301,909.304077
19-04-2018,570.786621,1341.297119,499.186798,913.472412
20-04-2018,575.328247,1353.841309,519.280273,899.512939
23-04-2018,586.169678,1339.959595,523.356201,907.365173
24-04-2018,587.878845,1346.323975,508.726776,940.373474
25-04-2018,579.235046,1345.908813,511.304596,940.809631
26-04-2018,585.974426,1375.470581,518.398987,945.511353
27-04-2018,585.876648,1359.513794,522.2547,965.820435
30-04-2018,593.250793,1391.750366,528.555908,933.830078
02-05-2018,597.743713,1357.668945,527.476379,942.942383
03-05-2018,595.106506,1339.452515,521.087036,932.181946
04-05-2018,583.093079,1350.52063,516.922791,924.765991
07-05-2018,577.281555,1381.604248,521.285156,941.294434
08-05-2018,576.891052,1379.897949,513.596069,937.513672
09-05-2018,574.302673,1379.851563,515.865295,946.820007
10-05-2018,562.093933,1371.0896,514.675476,951.133911
11-05-2018,560.335876,1387.322998,520.293823,958.986023
14-05-2018,565.023987,1386.815674,524.061279,956.417114
15-05-2018,562.386841,1397.837891,526.374634,949.001221
16-05-2018,546.857239,1451.888306,524.347717,926.898682
17-05-2018,540.850586,1447.922119,521.241272,916.429077
18-05-2018,520.63269,1481.127075,521.373352,905.280945
21-05-2018,508.326263,1456.085083,519.743042,902.857361
22-05-2018,511.79361,1452.072754,526.066345,898.398193
23-05-2018,519.997925,1446.353882,522.122375,884.341736
24-05-2018,521.072205,1439.897461,538.029785,887.831604
25-05-2018,524.148926,1453.410034,541.24646,892.630188
28-05-2018,526.932434,1459.95874,535.121521,892.242371
29-05-2018,518.239807,1450.596802,536.13501,889.382629
30-05-2018,513.356262,1462.67981,533.931763,888.073914
31-05-2018,512.57489,1486.338501,542.788818,893.163391
01-06-2018,512.281921,1465.493042,537.94165,902.081848
04-06-2018,508.570465,1441.834229,546.137756,912.066772
05-06-2018,529.471924,1441.465454,537.963623,918.658752
06-06-2018,525.906921,1449.167236,545.278442,925.202209
07-06-2018,528.104492,1478.590454,551.888184,941.633728
08-06-2018,546.613098,1471.718994,555.237061,954.236023
11-06-2018,547.736267,1477.068726,556.272522,952.587952
12-06-2018,553.889465,1511.242188,554.554138,966.644348
13-06-2018,568.5401,1495.331421,561.736633,971.83075
14-06-2018,574.35144,1484.631958,550.588806,977.113953
15-06-2018,597.352844,1495.423462,569.042542,983.172791
18-06-2018,592.371704,1483.663574,562.891235,984.481506
19-06-2018,587.830078,1476.699707,551.432739,965.578003
20-06-2018,588.806763,1477.991211,552.121155,988.068237
21-06-2018,589.441589,1480.825439,553.631226,1000.379822
22-06-2018,601.406189,1494.439819,554.208679,981.52478
25-06-2018,597.157593,1500.991577,565.134155,973.721008
26-06-2018,585.53479,1507.125122,567.532471,949.001221
27-06-2018,588.269592,1495.55542,564.046143,942.075989
28-06-2018,586.902222,1489.468018,572.751038,921.690369
29-06-2018,602.285278,1525.154175,580.567749,948.51355
02-07-2018,602.627197,1527.291382,592.781311,936.9552
03-07-2018,625.481995,1527.338135,601.241943,947.391785
04-07-2018,614.249878,1557.540771,597.444763,965.729065
05-07-2018,611.95459,1568.692749,570.263855,940.759216
06-07-2018,598.231995,1559.678101,570.374939,953.487915
09-07-2018,608.389709,1572.317139,576.859192,972.556763
10-07-2018,617.326538,1567.763306,577.99176,1000.452759
11-07-2018,610.733765,1596.711914,586.452515,1013.230225
12-07-2018,618.596191,1619.20105,574.860596,1055.708374
13-07-2018,612.101196,1619.480103,585.0979,1072.728882
16-07-2018,606.485168,1627.472168,591.959778,1049.709717
17-07-2018,622.600769,1562.837769,589.761292,1065.46228
18-07-2018,612.784912,1527.57019,587.385193,1065.657349
19-07-2018,595.887817,1531.008667,584.786987,1077.654541
20-07-2018,611.222107,1538.815063,598.732666,1100.868652
23-07-2018,619.328735,1570.225952,602.219177,1092.724243
24-07-2018,612.736084,1550.013428,611.634766,1083.604492
25-07-2018,609.366455,1536.119873,614.565979,1087.70105
26-07-2018,613.224304,1551.918335,609.902649,1083.311646
27-07-2018,621.379883,1541.742432,609.991333,1102.039063
30-07-2018,619.524109,1569.34314,600.020691,1123.058716
31-07-2018,626.409851,1609.25769,606.282898,1156.807129
01-08-2018,624.261108,1611.720215,601.375305,1163.000732
02-08-2018,623.626282,1624.916748,601.197693,1139.591553
03-08-2018,626.116821,1638.391724,605.838684,1147.979858
06-08-2018,623.089111,1608.00293,604.306519,1163.244629
07-08-2018,614.787048,1607.770752,607.548645,1155.05127
08-08-2018,617.814941,1632.9552,605.239136,1187.726685
09-08-2018,604.727112,1630.213745,612.878174,1187.970581
10-08-2018,606.582825,1628.819702,615.320923,1174.55896
13-08-2018,616.642578,1606.655396,625.66925,1158.46521
14-08-2018,630.824524,1620.966919,625.469421,1180.801392
16-08-2018,636.320618,1614.601196,634.907166,1171.242798
17-08-2018,634.897583,1658.604248,635.26239,1174.120117
20-08-2018,631.904053,1651.4021,614.788025,1204.503418
21-08-2018,638.185364,1628.633789,614.654724,1216.50061
23-08-2018,645.742493,1647.499023,620.628418,1238.203003
24-08-2018,639.117737,1655.072876,612.145447,1246.05481
27-08-2018,647.361816,1665.62085,628.622681,1259.710205
28-08-2018,636.271484,1646.012207,632.753174,1286.533325
29-08-2018,631.560608,1631.74707,626.268921,1262.34375
30-08-2018,637.400208,1647.545532,628.977905,1243.079956
31-08-2018,649.864563,1654.283081,640.036865,1211.08728
03-09-2018,637.056702,1579.008057,636.994507,1198.894775
04-09-2018,631.953186,1534.493652,654.782043,1211.379883
05-09-2018,634.554016,1497.785522,648.342102,1196.797852
06-09-2018,649.815491,1494.904541,645.899414,1230.351074
07-09-2018,652.416382,1522.923706,650.918091,1247.127686
10-09-2018,655.65509,1496.484497,649.185913,1224.937622
11-09-2018,642.749084,1478.223267,652.250549,1207.234375
12-09-2018,644.270386,1511.864746,659.889587,1221.670166
14-09-2018,654.035767,1514.141602,651.717468,1222.304077
17-09-2018,652.563599,1491.977051,644.833496,1195.724854
18-09-2018,651.385864,1547.271729,638.748901,1187.190186
19-09-2018,648.343323,1530.683594,639.326233,1180.947998
21-09-2018,641.080566,1506.706909,626.490845,1187.531738
24-09-2018,633.621643,1478.037231,637.993774,1201.723633
25-09-2018,649.471985,1515.582153,645.055603,1200.309204
26-09-2018,660.317017,1496.902832,637.638428,1220.59729
27-09-2018,647.116516,1505.592041,643.812012,1222.889404
28-09-2018,641.914856,1494.718872,648.47522,1226.985962
01-10-2018,642.013,1526.223022,663.22052,1201.382324
03-10-2018,642.405579,1504.430054,647.09845,1175.437012
04-10-2018,626.555237,1462.703613,628.178528,1094.626221
05-10-2018,624.837708,1448.39209,643.634216,1023.03302
08-10-2018,626.947754,1449.135498,634.61853,1082.092529
09-10-2018,627.487549,1405.550293,637.549683,1063.218872
10-10-2018,627.73291,1419.676147,622.182739,1074.972168
11-10-2018,604.767151,1418.235596,598.110962,1061.02417
12-10-2018,611.342773,1458.661133,602.951904,1098.820313
15-10-2018,635.829834,1418.421631,620.717102,1111.695435
16-10-2018,627.880188,1436.915039,617.563843,1135.153564
17-10-2018,628.5672,1451.598389,626.535217,1122.96106
19-10-2018,622.040588,1466.839233,607.171204,1074.191895
22-10-2018,617.96759,1472.879883,603.973511,1036.493286
23-10-2018,610.802979,1442.351685,584.120789,1028.739014
24-10-2018,609.772522,1473.855469,577.192322,1020.009216
25-10-2018,597.700745,1468.808838,582.535095,1005.427124
26-10-2018,592.499023,1456.378174,568.931274,1019.180237
29-10-2018,623.36554,1451.37793,578.943359,1061.02417
30-10-2018,599.025635,1488.903076,592.277649,1030.982422
31-10-2018,617.575012,1515.67981,616.342224,1035.127808
01-11-2018,603.981995,1502.54834,598.653015,1030.250732
02-11-2018,595.835938,1531.335083,594.657166,1048.44165
05-11-2018,552.603271,1532.830322,598.024475,1063.462646
06-11-2018,520.95166,1525.259644,598.428467,1076.923096
07-11-2018,523.454285,1536.381836,606.55481,1083.360596
09-11-2018,517.173035,1563.252441,592.187927,1066.535034
12-11-2018,521.982178,1546.148804,596.408081,1053.41626
13-11-2018,518.301636,1561.850464,597.755005,1072.387573
14-11-2018,509.910309,1603.347656,586.530823,1070.924438
15-11-2018,509.517761,1594.515625,589.404236,1069.85144
16-11-2018,520.75531,1578.673706,584.420715,1099.649414
19-11-2018,518.448914,1590.169434,585.184082,1121.693237
20-11-2018,511.039032,1583.253174,575.935242,1109.40332
21-11-2018,512.462158,1579.468018,555.911316,1085.506226
22-11-2018,508.340057,1565.588989,557.392944,1075.703735
26-11-2018,512.412964,1629.984375,558.021484,1082.434082
27-11-2018,508.045624,1619.983887,573.69043,1100.429688
28-11-2018,505.739197,1618.956055,598.383728,1124.277954
29-11-2018,514.964844,1652.882813,593.579651,1139.737793
30-11-2018,530.815186,1639.330444,599.326477,1138.811157
03-12-2018,525.858826,1706.249756,601.930542,1127.984375
04-12-2018,536.311279,1689.473267,615.309631,1123.936523
05-12-2018,518.645264,1727.278809,611.852661,1126.716309
06-12-2018,505.739197,1683.725464,600.269287,1095.991699
07-12-2018,504.07074,1705.035034,613.10968,1105.891968
10-12-2018,503.040222,1678.398071,600.897949,1063.414063
11-12-2018,509.076141,1677.557007,605.656921,1070.534302
12-12-2018,521.442383,1718.867065,609.248535,1083.165527
13-12-2018,517.222046,1734.242065,626.533875,1079.800293
14-12-2018,512.06958,1738.915039,633.986633,1084.823486
17-12-2018,513.934326,1729.708862,623.525818,1102.088013
18-12-2018,513.198242,1720.409302,607.542419,1108.428101
19-12-2018,515.013916,1724.194702,596.99176,1108.817993
20-12-2018,510.597351,1714.334473,598.967102,1100.673584
21-12-2018,507.064148,1685.594604,580.2453,1073.118896
24-12-2018,509.174225,1667.976929,582.759583,1062.340942
26-12-2018,504.757751,1674.472534,578.314758,1071.314453
27-12-2018,508.290985,1696.249512,589.763367,1092.626465
28-12-2018,512.31488,1702.932007,589.898132,1097.844971
31-12-2018,509.861298,1700.688965,591.694031,1093.650757
01-01-2019,513.345398,1683.351563,597.171326,1093.407104
02-01-2019,505.003113,1667.930298,600.763062,1079.16626
03-01-2019,502.893036,1671.481934,600.852966,1065.852417
04-01-2019,503.285583,1665.219849,593.579651,1071.607178
07-01-2019,504.51236,1668.257202,603.142639,1077.557007
08-01-2019,504.119843,1655.078979,601.661072,1077.459351
09-01-2019,500.635681,1668.304199,607.093506,1083.409424
10-01-2019,503.727264,1669.425659,610.326233,1080.239258
11-01-2019,500.733826,1653.723999,613.738342,1071.021851
14-01-2019,502.451355,1648.583374,630.260254,1069.802734
15-01-2019,505.395691,1672.837036,652.439331,1101.843994
16-01-2019,502.009705,1656.668091,661.598145,1107.940308
17-01-2019,500.144958,1636.994141,658.500244,1106.525879
18-01-2019,499.9487,1630.078003,656.345215,1155.197632
21-01-2019,499.801453,1632.694946,668.961304,1207.234375
22-01-2019,497.691345,1635.778931,669.275513,1204.747314
23-01-2019,499.850494,1651.667603,656.973877,1196.11499
24-01-2019,491.410095,1644.471191,660.901306,1216.744385
25-01-2019,498.23114,1641.94751,659.41156,1215.330078
28-01-2019,483.018738,1629.049927,657.244751,1199.285034
29-01-2019,495.679352,1641.854004,657.199524,1180.850342
30-01-2019,496.415466,1620.03064,655.393799,1166.268311
31-01-2019,507.702087,1647.975952,676.746704,1196.944214
01-02-2019,511.67691,1681.669434,683.518188,1219.182983
04-02-2019,500.144958,1684.753296,682.47998,1259.124878
05-02-2019,498.574646,1702.371216,681.531921,1259.759033
06-02-2019,525.024658,1710.315308,689.161194,1277.998657
07-02-2019,523.012634,1718.820679,689.793152,1258.637329
08-02-2019,524.337646,1698.492432,686.994324,1246.249878
11-02-2019,533.219727,1686.809692,688.709656,1222.401611
12-02-2019,533.219727,1677.182983,677.559326,1225.474243
14-02-2019,532.827087,1668.351074,668.169373,1194.066528
15-02-2019,530.52063,1656.901733,669.884949,1213.818359
18-02-2019,531.109619,1637.368042,669.072327,1190.067749
19-02-2019,529.637451,1624.330078,653.949219,1186.166138
20-02-2019,531.060425,1620.171143,668.756409,1203.966919
21-02-2019,535.378845,1639.984741,662.21051,1216.208008
22-02-2019,531.256714,1652.929688,663.564819,1202.016235
25-02-2019,538.126953,1654.425049,681.577087,1201.967407
26-02-2019,540.187988,1656.387695,670.38147,1190.213989
27-02-2019,541.660156,1622.974854,663.835693,1193.383911
28-02-2019,544.260986,1619.376587,662.977905,1200.748047
01-03-2019,541.31665,1621.24585,669.839722,1195.871216
05-03-2019,538.470459,1611.852783,661.352844,1207.185669
06-03-2019,537.390869,1588.674072,661.352844,1233.66748
07-03-2019,531.305847,1593.908081,652.730347,1238.983276
08-03-2019,529.931824,1590.356689,643.159912,1235.910767
11-03-2019,530.079041,1602.833618,642.166809,1272
12-03-2019,528.754089,1621.385864,638.284424,1298.579346
13-03-2019,522.91449,1633.349121,639.638794,1314.136597
14-03-2019,522.865479,1623.722656,639.548462,1308.52832
15-03-2019,522.718201,1587.365479,648.757813,1289.118042
18-03-2019,524.582947,1586.571289,641.218689,1316.819092
19-03-2019,523.74884,1588.533936,652.098328,1342.666626
20-03-2019,523.35614,1577.224854,667.176208,1341.593872
22-03-2019,517.025818,1568.345825,670.923157,1308.723389
25-03-2019,517.07489,1564.42041,663.835693,1291.849121
26-03-2019,519.479431,1573.720337,657.064148,1333.595703
27-03-2019,515.749939,1570.916504,658.824707,1316.038696
28-03-2019,515.848083,1573.813599,666.138,1326.524048
01-04-2019,515.897217,1579.514893,681.757629,1357.590088
02-04-2019,512.95282,1576.851318,685.640076,1355.493042
03-04-2019,510.79364,1561.57019,680.132446,1341.349976
04-04-2019,511.333435,1557.598022,675.256958,1319.745117
05-04-2019,522.227478,1550.634766,685.549622,1320.574219
08-04-2019,515.651794,1556.055908,692.727539,1296.530884
09-04-2019,522.129395,1570.635986,686.723389,1301.603027
10-04-2019,536.311279,1583.393677,679.59082,1298.628174
11-04-2019,534.740906,1598.581299,670.562073,1313.649048
12-04-2019,544.555359,1609.095703,675.12146,1310.040039
15-04-2019,555.792908,1609.46936,656.838318,1307.16272
16-04-2019,548.971863,1624.890747,653.768677,1310.674072
18-04-2019,551.131042,1626.152588,647.403442,1351.835327
22-04-2019,550.689453,1626.105835,651.014954,1312.234741
23-04-2019,551.27832,1630.171265,657.470337,1330.279297
24-04-2019,548.186768,1638.022339,664.919067,1355.297974
25-04-2019,545.291443,1620.825317,657.786438,1338.618896
26-04-2019,557.412354,1633.115479,666.318542,1358.516724
30-04-2019,554.517029,1642.788818,678.371826,1358.516724
02-05-2019,555.105957,1610.871582,659.817932,1370.465088
03-05-2019,554.026367,1582.832642,653.317261,1374.171631
06-05-2019,552.897644,1559.794434,648.622253,1350.811157
07-05-2019,547.5979,1586.524536,654.174927,1310.430298
08-05-2019,547.646973,1578.299683,649.47998,1267.464478
09-05-2019,547.401611,1592.365967,651.014954,1225.522949
10-05-2019,545.242432,1577.131592,647.222778,1220.353394
13-05-2019,536.556641,1590.730347,649.796143,1201.723633
14-05-2019,545.684082,1587.459106,644.514282,1229.424438
15-05-2019,545.389648,1561.803589,646.545715,1225.962036
16-05-2019,539.991638,1577.832397,661.894409,1234.203979
17-05-2019,534.053955,1623.255249,653.588074,1236.203491
20-05-2019,554.95874,1656.621338,652.233704,1293.263428
21-05-2019,548.971863,1668.53772,640.406189,1306.821289
22-05-2019,542.739746,1652.695801,640.812439,1307.406494
23-05-2019,554.27179,1639.190552,632.957581,1301.066406
24-05-2019,560.013184,1635.218384,640.315918,1303.944092
27-05-2019,567.962891,1656.107178,639.322632,1278.388794
28-05-2019,567.226807,1660.733643,657.380188,1291.16626
29-05-2019,553.879089,1664.425415,657.109192,1280.729736
30-05-2019,551.523743,1667.603271,662.300781,1297.018677
31-05-2019,548.481201,1671.575439,666.092834,1297.408813
03-06-2019,557.706787,1719.427979,672.322693,1326.719238
04-06-2019,552.210632,1696.903687,663.880798,1318.379517
06-06-2019,549.413513,1717.605591,664.151611,1294.677734
07-06-2019,539.304626,1711.06311,667.311707,1282.53418
10-06-2019,544.260986,1731.391113,680.31311,1286.679565
11-06-2019,549.462585,1719.521362,681.577087,1296.433472
12-06-2019,551.180115,1726.344116,680.583923,1299.359619
13-06-2019,554.124451,1724.848755,679.988831,1294.580322
14-06-2019,545.291443,1703.773071,677.974365,1285.119019
17-06-2019,535.0354,1699.193481,678.065857,1250.736694
18-06-2019,537.43988,1691.295776,686.855957,1249.468628
19-06-2019,523.797852,1693.258301,688.458435,1245.908569
20-06-2019,541.071228,1699.236328,691.2052,1264.830933
21-06-2019,541.31665,1663.087524,686.901733,1248.005615
24-06-2019,539.697327,1661.016235,682.598328,1231.326416
25-06-2019,539.844421,1653.485352,684.978882,1263.953247
26-06-2019,546.223816,1657.768555,676.829895,1262.294922
27-06-2019,541.709229,1670.383057,668.909668,1242.787231
28-06-2019,543.181396,1682.809204,670.237427,1222.255371
01-07-2019,545.487732,1675.84314,669.596436,1237.617798
02-07-2019,545.046082,1684.31543,677.562378,1247.030273
03-07-2019,542.985046,1680.079102,669.596436,1250.980469
04-07-2019,541.31665,1688.457397,671.885376,1252.394775
05-07-2019,539.79541,1686.386475,657.41864,1232.253174
08-07-2019,528.459717,1650.755493,657.052368,1221.231201
09-07-2019,538.617676,1638.234985,655.129517,1248.59082
10-07-2019,534.839111,1617.853882,656.731873,1247.37146
11-07-2019,542.150818,1629.432983,660.623291,1250.005127
12-07-2019,546.469177,1612.770508,665.430359,1248.980835
15-07-2019,540.335205,1616.300781,713.592163,1244.689331
16-07-2019,543.279541,1639.223389,718.628113,1261.17334
17-07-2019,547.205261,1657.486084,727.143494,1250.297729
18-07-2019,536.851074,1637.199463,725.815735,1230.790039
19-07-2019,526.742126,1619.548584,719.131653,1218.256104
22-07-2019,521.098816,1582.175903,718.216125,1248.980835
23-07-2019,519.086975,1594.084229,723.389343,1242.202148
24-07-2019,509.125214,1627.314819,719.955688,1228.107666
25-07-2019,526.693115,1634.846069,727.463928,1201.187134
26-07-2019,522.227478,1629.197754,720.59668,1183.922852
29-07-2019,512.560242,1612.864746,724.671204,1181.142944
30-07-2019,510.35199,1619.078003,725.815735,1151.832642
31-07-2019,514.399231,1625.432251,726.685608,1137.543213
01-08-2019,505.860535,1629.809692,703.978088,1151.198486
02-08-2019,509.463562,1635.598999,710.158508,1161.594849
05-08-2019,512.2276,1639.129028,711.165894,1121.382568
06-08-2019,493.718658,1641.859253,709.105591,1106.621826
07-08-2019,511.635254,1673.065796,710.616394,1088.084961
08-08-2019,496.58136,1697.400513,722.199036,1130.209717
09-08-2019,478.269928,1733.408325,723.206299,1139.772339
13-08-2019,469.632416,1717.781494,700.22406,1250.258179
14-08-2019,472.149658,1731.243286,709.426086,1263.498657
16-08-2019,469.977936,1721.452881,709.197144,1253.445679
19-08-2019,469.731171,1714.157104,712.035706,1267.765137
20-08-2019,472.544525,1735.338135,725.861572,1251.434937
21-08-2019,462.031433,1741.55127,731.996338,1246.531006
22-08-2019,458.033539,1762.355957,728.562622,1222.796021
23-08-2019,459.909088,1750.965088,734.514282,1251.336792
26-08-2019,460.55072,1766.544922,734.834656,1242.460815
27-08-2019,459.36618,1752.283203,718.445068,1250.356079
28-08-2019,458.280304,1720.935181,734.788879,1239.027954
29-08-2019,459.218079,1725.500854,738.863464,1217.891968
30-08-2019,466.374878,1771.581177,746.1427,1224.561401
03-09-2019,463.512146,1733.879028,745.547607,1183.221313
04-09-2019,465.338379,1738.350464,752.002625,1178.072144
05-09-2019,472.248352,1722.488281,763.676819,1175.571167
06-09-2019,468.793335,1712.509766,769.262146,1199.011963
09-09-2019,468.892059,1726.536377,759.14447,1198.717651
11-09-2019,465.733215,1717.35791,750.903931,1210.68335
12-09-2019,461.784668,1699.565796,747.516113,1187.095337
13-09-2019,462.969238,1699.707031,759.327576,1202.052368
16-09-2019,464.449921,1709.826782,757.862671,1187.487793
17-09-2019,454.726593,1723.853271,761.113159,1174.443115
18-09-2019,452.752319,1721.970581,759.831177,1182.53479
19-09-2019,446.237152,1706.484863,751.453247,1156.396729
20-09-2019,457.342529,1854.281494,737.078003,1230.25
23-09-2019,443.127716,1920.177856,699.857788,1215.391113
24-09-2019,444.460327,1930.250732,727.051819,1254.132202
25-09-2019,429.011597,1931.239136,725.770081,1254.96582
26-09-2019,432.812073,1915.141724,716.522217,1271.884277
27-09-2019,433.749847,1893.019287,716.201782,1283.898926
30-09-2019,420.028595,1865.766235,737.673096,1306.65332
01-10-2019,407.343842,1873.626953,726.593994,1279.828735
03-10-2019,412.723755,1847.032959,719.314819,1285.860718
04-10-2019,412.970551,1830.229248,726.502563,1282.967163
07-10-2019,403.000397,1826.322632,722.931458,1284.928955
09-10-2019,417.90625,1833.806519,717.529419,1299.297363
10-10-2019,416.721649,1853.339966,716.97998,1336.567139
11-10-2019,435.674774,1887.135742,746.051025,1326.612183
14-10-2019,435.23056,1896.172852,719.772644,1331.908447
15-10-2019,440.807892,1943.382813,703.474487,1337.94043
16-10-2019,441.054657,1949.595947,706.358826,1345.982788
17-10-2019,440.561096,1980.520386,704.573242,1369.668823
18-10-2019,438.438782,1983.344604,703.0625,1389.137451
22-10-2019,448.063416,2002.642578,595.454163,1386.979736
23-10-2019,448.408905,2018.63501,609.554688,1365.647461
24-10-2019,441.104065,2018.729492,595.266785,1408.851196
25-10-2019,453.93689,2029.848633,597.234314,1403.702026
27-10-2019,455.121429,2024.786011,607.9151,1406.693481
29-10-2019,466.967163,2044.136597,609.601563,1438.863403
30-10-2019,459.02066,2052.842529,618.923767,1450.681763
31-10-2019,460.846893,2058.4729,642.346558,1436.215088
01-11-2019,463.166656,2062.258057,644.501587,1428.908325
04-11-2019,462.278229,2042.196777,664.270325,1429.643921
05-11-2019,461.834045,2055.44458,652.184204,1419.492798
06-11-2019,474.66687,2062.352295,667.362122,1407.331055
07-11-2019,465.782593,2023.366089,674.670044,1430.575806
08-11-2019,456.552795,1974.30188,663.473999,1417.727417
11-11-2019,449.00119,1969.523315,659.960571,1400.367432
13-11-2019,442.140533,1978.654541,647.733887,1444.012451
14-11-2019,445.595551,1957.884277,660.803711,1434.645996
15-11-2019,457.293182,1947.144165,659.492065,1442.590332
18-11-2019,454.677246,1945.724487,660.710083,1431.164063
19-11-2019,466.029388,1928.265747,667.877502,1480.743042
20-11-2019,476.394379,1917.620239,668.018005,1517.914673
21-11-2019,479.25705,1938.580078,668.252197,1508.057861
22-11-2019,472.692596,1919.370728,649.467163,1516.786865
25-11-2019,477.282776,1951.591187,654.057983,1531.547729
26-11-2019,472.396423,1947.759033,647.031128,1530.272705
27-11-2019,461.982086,1980.783813,651.856262,1539.688232
28-11-2019,462.327606,1975.011719,657.571411,1549.937378
29-11-2019,460.698792,1925.94751,652.418335,1521.347534
02-12-2019,458.033539,1933.422852,648.998718,1556.018311
03-12-2019,458.280304,1919.465454,654.292175,1548.564453
04-12-2019,463.95636,1937.965088,664.129761,1522.867676
05-12-2019,455.664398,1927.981812,669.751282,1521.053223
06-12-2019,449.593506,1917.19458,669.985413,1525.025513
09-12-2019,442.140533,1900.256226,671.999817,1542.385254
10-12-2019,447.224304,1916.531982,669.470215,1531.940063
11-12-2019,444.164215,1902.432617,675.560181,1532.38147
12-12-2019,455.121429,1899.499268,657.805664,1538.069824
13-12-2019,455.318878,1898.410889,666.425232,1552.487427
16-12-2019,452.357452,1868.650757,668.954895,1536.500732
17-12-2019,457.984161,1855.970703,683.664429,1532.675537
18-12-2019,461.784668,1824.932861,686.240967,1545.572876
19-12-2019,461.58725,1846.27124,684.741821,1579.017822
20-12-2019,459.761017,1838.701172,685.397705,1568.376099
23-12-2019,461.834045,1845.608765,689.566956,1541.208374
24-12-2019,472.544525,1841.823975,687.131042,1516.737793
26-12-2019,468.052979,1840.451538,682.961792,1486.284424
27-12-2019,474.913635,1845.135864,690.457092,1512.716553
30-12-2019,473.778442,1833.165527,686.662598,1514.531006
31-12-2019,472.050934,1819.681152,685.02301,1484.960327
01-01-2020,469.780487,1832.503052,690.363281,1480.595825
02-01-2020,467.411377,1833.922485,688.34906,1505.802124
03-01-2020,463.907013,1823.891968,698.936096,1507.616577
06-01-2020,460.748138,1812.536743,692.237122,1472.651367
07-01-2020,462.574402,1817.504761,681.977966,1495.307617
08-01-2020,458.773865,1825.689941,672.889954,1484.077637
09-01-2020,464.055084,1831.083496,681.650146,1518.257935
10-01-2020,467.411377,1849.015503,691.58136,1517.914673
13-01-2020,471.507996,1887.670654,724.748047,1514.040649
14-01-2020,478.023132,1900.871216,726.715515,1500.015381
15-01-2020,477.776367,1913.030762,719.126526,1494.571899
16-01-2020,474.074554,1939.147949,718.611267,1508.352051
17-01-2020,474.123901,1949.60437,719.407593,1550.624023
20-01-2020,473.97583,1952.017212,719.969727,1502.908813
21-01-2020,467.312653,1944.967407,714.395203,1504.429077
22-01-2020,465.535797,1941.466309,721.609375,1503.889526
23-01-2020,459.168732,1946.386963,734.866577,1497.514526
24-01-2020,452.949768,1962.28418,733.367615,1492.316284
27-01-2020,458.477753,1950.5979,729.010925,1477.604492
28-01-2020,458.724518,1949.888184,728.917236,1443.473022
29-01-2020,455.615021,1962.757446,739.87915,1451.41748
30-01-2020,445.200684,1947.522583,731.446899,1416.010986
31-01-2020,441.153412,1924.953857,726.996582,1384.52771
03-02-2020,438.833618,2061.87915,718.985962,1358.880127
04-02-2020,442.683502,2039.783936,738.145752,1398.994263
05-02-2020,441.795013,2044.231445,735.054077,1420.669678
06-02-2020,433.996643,2040.541382,722.686829,1429.791138
07-02-2020,437.501007,2043.900146,728.261414,1406.10498
10-02-2020,439.031067,2043.285156,724.420105,1408.017578
11-02-2020,444.805847,2036.992676,724.748047,1424.838013
12-02-2020,441.054657,2138.906006,731.77478,1442.050903
13-02-2020,437.698395,2160.717529,742.268311,1445.827026
14-02-2020,441.35083,2133.890869,736.834167,1459.018433
17-02-2020,426.346283,2131.572266,739.644897,1449.848145
18-02-2020,430.393585,2114.350342,747.327576,1439.206543
19-02-2020,441.745697,2168.996826,749.950928,1474.907227
20-02-2020,430.14679,2127.456299,746.718506,1457.400146
24-02-2020,424.618805,2096.134521,745.641052,1417.187988
25-02-2020,420.324738,2113.593018,748.030273,1389.186523
26-02-2020,416.771027,2116.053467,733.367615,1365.255127
27-02-2020,415.783905,2133.795898,728.776733,1359.615845
28-02-2020,396.929504,2057.905518,685.538269,1303.122437
02-03-2020,396.781433,2043.427002,694.29834,1290.862671
03-03-2020,419.831177,2050.23999,699.873108,1317.049561
04-03-2020,441.893768,2058.946289,710.881714,1313.960083
05-03-2020,434.934418,2098.831299,706.99353,1285.958618
06-03-2020,428.814117,2071.294434,692.330933,1246.5802
09-03-2020,420.670227,2007.515869,660.007324,1092.743652
11-03-2020,411.736633,2039.216309,642.721375,1131.386719
12-03-2020,389.673981,1945.487915,591.378601,1042.576416
13-03-2020,420.077942,1923.960327,601.825134,1084.063843
16-03-2020,391.302765,1837.565552,546.360107,996.185181
17-03-2020,396.583984,1896.376465,519.939148,988.633179
18-03-2020,381.03653,1820.43811,500.591888,949.892029
19-03-2020,370.84256,1739.531982,511.132141,900.068115
20-03-2020,388.756195,1941.466309,548.280701,998.392029
23-03-2020,371.386871,1769.244751,493.237183,867.064575
24-03-2020,373.56424,1918.897705,552.590454,925.274292
25-03-2020,372.574524,1975.957764,567.955811,1061.456421
26-03-2020,382.174652,2076.972168,602.434265,1045.714966
27-03-2020,403.453339,2025.542725,611.522278,1045.126465
30-03-2020,427.305237,2066.989746,587.162537,1010.651794
31-03-2020,418.496857,2175.006104,601.02887,1092.351318
01-04-2020,409.49054,2062.541748,564.770386,1059.691162
03-04-2020,444.575592,2038.364746,548.749146,1056.748779
07-04-2020,487.182404,2313.540283,598.686584,1182.927124
08-04-2020,507.471344,2328.633545,591.753418,1169.244995
09-04-2020,573.633118,2244.793945,596.109985,1196.510742
13-04-2020,586.746704,2220.380127,597.187561,1166.302612
15-04-2020,586.251892,2353.898926,598.733276,1127.75769
16-04-2020,594.268494,2305.213379,584.492249,1145.608154
17-04-2020,591.84375,2256.858887,589.08313,1200.483032
20-04-2020,579.373413,2211.012207,612.084412,1219.90271
21-04-2020,586.004456,2192.890381,593.252502,1213.57666
22-04-2020,581.154968,2257.947021,601.35675,1337.400757
23-04-2020,580.660034,2192.985352,636.444031,1344.560669
24-04-2020,593.13031,2160.433594,616.487854,1389.77478
27-04-2020,602.433594,2195.776611,622.671448,1402.280029
28-04-2020,592.4375,2166.915527,619.017578,1400.710693
29-04-2020,590.111755,2111.842529,633.867615,1399.533691
30-04-2020,583.530151,2077.067383,670.360291,1437.833496
04-05-2020,605.551147,1970.753418,631.197388,1407.625366
05-05-2020,590.755066,1931.814209,631.197388,1432.586182
06-05-2020,585.65802,1902.196045,623.889465,1432.684326
07-05-2020,583.480652,1885.02124,622.99939,1477.996826
08-05-2020,585.806519,1977.187988,631.665771,1531.793091
11-05-2020,580.016724,1937.965088,639.817017,1546.504639
12-05-2020,564.280457,1903.473633,644.267334,1450.828979
13-05-2020,564.329956,1888.522461,650.357239,1481.610718
14-05-2020,563.884521,1898.269043,616.628479,1421.710693
15-05-2020,564.428894,1922.919434,611.147522,1444.928223
18-05-2020,594.268494,1897.512085,622.015686,1426.463135
19-05-2020,588.825134,1869.407593,626.419128,1394.928955
20-05-2020,614.260559,1883.88562,627.309204,1419.48291
21-05-2020,610.252258,1865.007568,629.791992,1426.95813
22-05-2020,632.768005,1881.09436,648.670776,1417.35437
26-05-2020,621.237976,1871.536743,637.615234,1409.928833
27-05-2020,626.532898,1890.746094,660.944336,1431.215576
28-05-2020,621.881226,1901.959473,662.771362,1457.650757
29-05-2020,641.477417,1946.812744,656.218567,1449.87854
01-06-2020,635.885559,1995.261963,664.338257,1505.273804
02-06-2020,631.036011,1994.173218,672.457825,1520.471558
03-06-2020,634.598999,2006.569824,666.237488,1526.362671
04-06-2020,653.749756,2006.664551,672.125488,1564.134277
05-06-2020,644.199097,1975.437378,668.136902,1566.015503
08-06-2020,628.561768,1998.242676,684.566162,1553.936401
09-06-2020,633.460815,1993.321899,681.479675,1521.907227
10-06-2020,636.330994,2005.718262,679.817749,1556.560181
11-06-2020,628.46283,1993.700562,668.516785,1522.451782
12-06-2020,636.974304,1994.031616,657.215698,1573.045044
15-06-2020,637.023804,1972.314941,652.9422,1598.539795
16-06-2020,631.233948,1964.79187,665.905212,1601.658325
17-06-2020,633.757751,1966.5896,668.231873,1599.331665
18-06-2020,635.440247,1954.383179,677.965942,1639.479736
19-06-2020,629.650452,1993.825928,670.036255,1741.953247
22-06-2020,649.197144,2001.495605,668.279358,1728.834717
23-06-2020,653.007446,2054.038086,684.376282,1703.835205
24-06-2020,624.701904,2029.60083,678.20343,1710.716064
25-06-2020,628.363892,2070.425537,665.240417,1700.864868
26-06-2020,628.363892,2052.371338,710.53949,1724.379272
29-06-2020,638.260925,2079.762451,694.91748,1706.062866
30-06-2020,633.658752,2076.95166,698.906067,1687.20166
01-07-2020,620.644104,2067.805176,695.059937,1720.369507
02-07-2020,639.547546,2050.036865,718.516602,1749.43811
03-07-2020,632.223694,2070.949707,724.309631,1776.817383
06-07-2020,628.066956,2059.421143,725.544128,1840.321411
07-07-2020,629.996826,2052.323486,754.176636,1812.146973
08-07-2020,627.869019,2082.715576,735.705688,1786.854736
09-07-2020,632.47113,2072.997803,742.353271,1812.942017
10-07-2020,632.322693,2118.681396,742.495667,1866.408569
13-07-2020,631.778259,2158.172119,756.930603,1923.005615
14-07-2020,625.790588,2129.113525,743.825195,1905.117065
15-07-2020,631.629883,2167.604248,789.124268,1832.56958
16-07-2020,667.556152,2179.703857,865.144958,1831.973389
17-07-2020,682.005798,2224.196045,857.690063,1899.849976
20-07-2020,667.407654,2220.766357,887.272217,1907.999146
21-07-2020,655.481689,2208.428467,889.598755,1959.329102
22-07-2020,654.887939,2142.213623,871.697571,1991.577881
23-07-2020,664.537598,2106.820068,862.248474,2045.044556
24-07-2020,659.193115,2104.866943,876.398499,2132.846436
27-07-2020,646.178528,2116.490234,900.7099,2142.834473
28-07-2020,655.778687,2136.545166,914.385071,2164.200928
29-07-2020,674.236694,2125.826904,906.123047,2083.653564
30-07-2020,678.888306,2100.758545,913.055542,2095.778076
31-07-2020,712.736206,2114.44043,917.376526,2054.286865
03-08-2020,703.086609,2109.273926,908.73468,1996.546875
04-08-2020,706.501038,2102.86377,902.039429,2137.269287
05-08-2020,714.715637,2099.753906,897.148682,2113.268555
06-08-2020,723.573486,2124.535156,921.982361,2120.871338
07-08-2020,721.148743,2115.0625,903.036621,2133.14502
10-08-2020,787.409485,2111.427002,903.463867,2106.709961
11-08-2020,769.990662,2115.158691,900.7099,2120.573242
12-08-2020,754.254333,2100.280029,906.88269,2114.411621
13-08-2020,752.42334,2103.676514,903.321533,2108.89624
14-08-2020,763.854431,2079.995605,905.600708,2100.697266
17-08-2020,763.706055,2101.189209,909.304443,2078.386475
18-08-2020,756.976013,2118.69873,918.848511,2105.417969
19-08-2020,750.542908,2098.844971,911.013794,2118.337402
20-08-2020,754.848145,2091.286377,907.072693,2084.051025
21-08-2020,752.918213,2106.929932,901.042236,2068.945313
24-08-2020,744.010925,2099.610107,899.712708,2082.759033
25-08-2020,740.052063,2084.971191,890.880859,2069.193848
26-08-2020,740.2995,2088.511475,902.94165,2124.051514
27-08-2020,748.415039,2077.460449,899.38031,2097.51709
28-08-2020,740.893311,2058.993652,888.174316,2103.032471
31-08-2020,706.204102,2025.888672,881.859009,2067.80249
01-09-2020,728.967346,2068.274902,868.136353,2074.311768
02-09-2020,730.649841,2049.138916,877.49054,2115.008057
03-09-2020,730.996277,2046.746826,888.459229,2099.007813
04-09-2020,717.140381,2032.872925,872.884766,2064.373779
07-09-2020,709.371216,2069.184082,878.487671,2069.740234
08-09-2020,700.909241,2049.713135,892.020386,2094.038818
09-09-2020,720.059998,2040.144897,881.051758,2147.952393
10-09-2020,719.317688,2041.723633,892.732666,2299.656494
11-09-2020,718.476501,2065.97876,898.098328,2305.370605
14-09-2020,714.171265,2031.772949,929.152405,2288.2771
15-09-2020,734.806702,2032.681885,932.998535,2304.476318
16-09-2020,744.852112,2050.908936,951.327026,2310.140869
17-09-2020,743.763489,2036.269775,960.11145,2284.500732
18-09-2020,797.949829,2008.044312,951.706909,2291.407715
21-09-2020,760.192566,1949.775146,959.066833,2241.866699
22-09-2020,769.644287,1939.25,956.787598,2197.443604
23-09-2020,759.499817,1963.887817,968.421021,2216.971924
24-09-2020,725.899292,1971.877075,926.303406,2167.679443
25-09-2020,762.171936,1989.243042,960.538879,2188.052246
28-09-2020,766.823547,1974.173462,959.541687,2202.512207
29-09-2020,754.50177,1945.373535,958.212097,2231.133545
30-09-2020,766.724609,1978.909546,957.499878,2220.500244
01-10-2020,765.042114,2004.50415,966.426819,2211.456543
05-10-2020,770.633972,2019.860718,995.913818,2198.487305
06-10-2020,772.316467,2024.501099,1002.608948,2196.648926
07-10-2020,765.635925,2046.938354,1012.865479,2243.506348
08-10-2020,803.096313,2067.461914,1038.648682,2225.369629
09-10-2020,794.881775,2047.224976,1051.089355,2219.605469
12-10-2020,805.273682,2046.029419,1075.115845,2223.18335
13-10-2020,779.046448,2045.838135,1099.522339,2266.562744
14-10-2020,773.45459,2064.926025,1079.769165,2273.320557
15-10-2020,760.390503,2059.567871,1052.466431,2192.82251
16-10-2020,774.295837,2057.654297,1070.747437,2162.312988
19-10-2020,756.134766,2083.727295,1069.227905,2162.710449
20-10-2020,756.431641,2079.230225,1080.244141,2142.536133
21-10-2020,759.202881,2069.709961,1090.547974,2111.43042
22-10-2020,749.701721,2085.210693,1072.219482,2093.889648
23-10-2020,749.75116,2051.243652,1077.450684,2099.951904
26-10-2020,739.458252,2073.154785,1067.804077,2016.522217
27-10-2020,762.320435,2082.675049,1047.070923,2021.888794
28-10-2020,757.371887,2084.26416,1033.344727,1998.981689
29-10-2020,754.452271,2043.577393,1031.713013,2014.335938
30-10-2020,746.732544,1994.657104,1018.034912,2041.764771
02-11-2020,743.515991,1995.331177,1029.265381,1865.812256
03-11-2020,751.483154,1979.634155,1019.906738,1838.930054
04-11-2020,773.108276,1983.82312,1050.046387,1901.340698
05-11-2020,785.331055,2024.558105,1059.693237,1942.881592
06-11-2020,781.817688,2016.661377,1068.092041,2016.572021
09-11-2020,755.343018,2053.640625,1090.936768,2037.988403
10-11-2020,709.915527,2057.541016,1047.262939,2071.628662
11-11-2020,734.707642,2052.291992,1077.450684,1984.819946
12-11-2020,732.084961,2110.987305,1072.891235,1967.726563
13-11-2020,736.984009,2104.486816,1079.082397,1984.025024
14-11-2020,738.072693,2106.749756,1087.961182,1989.888428
17-11-2020,734.90564,2097.023682,1078.602539,1980.894409
18-11-2020,735.301514,2053.207275,1065.980347,1974.881958
19-11-2020,734.460205,2051.907227,1052.734253,1960.919189
20-11-2020,732.282898,2041.795654,1059.069214,1887.725708
23-11-2020,738.616943,2050.607178,1094.104248,1938.608276
24-11-2020,740.744873,2077.522949,1094.296387,1951.875488
25-11-2020,724.117798,2056.818604,1070.875732,1935.726318
26-11-2020,731.095276,2074.489502,1068.523926,1940.49646
27-11-2020,737.924133,2059.081543,1055.853638,1917.837891
01-12-2020,747.821228,2054.12207,1092.184692,1942.782227
02-12-2020,750.542908,2060.140869,1095.112183,1946.012085
03-12-2020,754.303894,2049.018311,1081.242065,1951.875488
04-12-2020,759.054382,2103.379395,1089.113159,1934.682739
07-12-2020,765.190613,2172.666992,1097.60791,1946.061646
08-12-2020,758.114197,2176.374512,1107.062744,1981.391357
09-12-2020,754.55127,2207.383057,1128.035645,2014.38562
10-12-2020,754.897644,2263.477783,1120.884644,1994.559204
11-12-2020,748.068665,2286.878662,1116.517212,1993.366821
14-12-2020,781.174316,2283.026611,1117.81311,1978.956543
15-12-2020,773.603088,2234.202637,1108.262207,1962.111572
16-12-2020,778.700073,2257.218262,1118.91687,1964.298096
17-12-2020,775.137085,2229.628418,1112.677856,1973.29187
18-12-2020,785.281616,2247.106689,1142.049805,1979.205078
21-12-2020,770.485535,2220.624268,1130.051514,1927.676392
22-12-2020,786.815674,2225.487793,1171.5177,1924.694946
23-12-2020,816.1604,2282.641602,1202.761353,1931.800659
24-12-2020,824.622437,2313.361328,1186.443604,1981.78894
28-12-2020,821.603821,2300.505127,1190.523071,1990.882202
29-12-2020,819.426453,2296.075439,1200.121826,1977.714355
30-12-2020,815.319153,2317.550293,1196.762207,1983.130493
31-12-2020,811.508789,2306.764648,1205.401001,1972.993896
01-01-2021,818.090271,2299.204834,1209.86438,1975.180176
04-01-2021,823.682129,2336.713623,1236.548706,1978.509277
05-01-2021,818.733643,2359.873535,1241.875854,1953.91272
06-01-2021,816.308838,2327.854248,1230.645508,1902.384155
07-01-2021,818.040771,2281.197021,1211.496094,1899.303467
08-01-2021,830.065735,2302.719727,1259.441528,1921.713623
11-01-2021,848.02887,2339.217773,1320.968994,1885.489624
12-01-2021,834.469971,2287.98584,1316.69751,1944.918823
13-01-2021,833.034912,2284.567627,1331.479492,1926.781982
14-01-2021,832.243164,2309.798096,1315.497681,1948.446777
15-01-2021,815.220215,2264.151611,1290.973145,1925.440308
18-01-2021,793.496155,2246.28833,1259.393433,1971.6521
19-01-2021,813.983032,2275.707275,1263.808838,2003.901001
20-01-2021,824.226501,2268.77417,1285.693848,2041.963623
21-01-2021,804.382935,2280.04126,1285.933716,2086.386475
22-01-2021,799.978699,2320.198486,1287.037598,2036.895386
25-01-2021,828.185303,2310.809326,1271.9198,1928.968384
27-01-2021,833.82666,2302.816162,1248.786987,1883.25354
28-01-2021,833.232849,2215.279297,1224.982178,1864.917969
29-01-2021,817.397583,2180.129883,1189.323242,1830.532349
01-02-2021,798.098328,2165.396729,1210.296387,1883.551758
02-02-2021,813.141724,2147.917725,1220.230713,1913.862671
03-02-2021,840.507141,2150.229248,1233.093262,1918.682617
04-02-2021,825.859497,2162.507324,1228.005737,1912.371948
05-02-2021,838.973083,2185.571533,1221.046753,1911.825317
08-02-2021,838.527771,2153.888428,1251.234741,1939.353516
09-02-2021,833.084351,2134.243408,1253.154419,1944.024536
10-02-2021,854.511536,2152.78125,1244.467529,1962.062012
11-02-2021,850.948547,2179.263672,1240.772095,2042.957275
12-02-2021,839.814331,2158.607422,1257.233765,2028.944702
15-02-2021,835.608093,2133.232178,1257.089722,2020.00061
16-02-2021,839.616394,2114.839111,1238.612427,2046.733887
17-02-2021,827.09668,2083.830566,1229.877686,2070.33667
18-02-2021,816.952148,2067.411621,1240.579956,2054.883057
19-02-2021,799.038452,2100.394043,1239.476196,2067.405029
22-02-2021,784.291931,2087.393799,1214.423706,1995.652344
23-02-2021,782.807373,2098.612061,1215.527466,2010.907227
24-02-2021,780.92688,2098.227539,1223.158569,2048.224609
25-02-2021,800.820007,2083.25293,1223.398438,2131.057861
26-02-2021,778.947449,2053.15918,1203.001343,2072.87085
01-03-2021,781.669128,2064.088623,1216.151489,2088.672363
02-03-2021,803.442627,2097.36084,1252.146484,2092.945557
03-03-2021,804.135437,2112.335205,1289.629272,2188.449951
04-03-2021,798.444641,2115.609375,1276.959106,2162.362793
05-03-2021,796.861145,2119.654053,1263.856812,2165.194824
08-03-2021,800.918945,2094.086426,1282.142334,2177.518311
09-03-2021,788.795044,2117.150391,1291.549194,2177.468506
10-03-2021,804.036499,2145.414063,1313.242065,2168.424805
12-03-2021,797.652893,2123.169189,1319.673096,2124.349609
15-03-2021,797.207581,2129.043457,1318.473267,2095.827393
16-03-2021,784.143433,2161.014648,1328.455811,2087.579102
17-03-2021,764.200928,2143.921631,1331.335327,2042.609741
18-03-2021,747.375916,2133.232178,1283.438232,1996.64624
19-03-2021,752.819275,2226.499023,1290.493042,2069.094482
22-03-2021,764.893677,2266.125977,1315.785645,2049.615723
23-03-2021,768.110229,2250.814209,1316.505737,2074.560059
24-03-2021,784.786743,2232.806152,1299.4198,2034.609497
25-03-2021,779.145386,2154.273682,1280.270752,1979.105713
26-03-2021,779.343384,2232.13208,1282.574097,1982.285889
30-03-2021,803.838562,2309.990479,1329.703857,2016.721069
31-03-2021,806.708679,2341.529053,1313.146118,1990.68335
01-04-2021,809.875732,2310.327637,1329.607666,2009.317139
05-04-2021,811.310852,2285.385986,1353.316528,1980.248413
06-04-2021,827.542053,2319.187256,1354.420288,1972
07-04-2021,832.193604,2316.250244,1372.801636,1990.434937
08-04-2021,833.331787,2320.727783,1382.064331,1992.919434
09-04-2021,873.959167,2384.38208,1383.216309,1969.764038
12-04-2021,893.109985,2370.899902,1368.530396,1899.303467
13-04-2021,876.087036,2363.581299,1341.078125,1919.825439
15-04-2021,904.788513,2369.599854,1306.138916,1932.247925
16-04-2021,928.392944,2367.914551,1299.4198,1920.123535
19-04-2021,936.558044,2346.488037,1307.866821,1889.911865
20-04-2021,939.527161,2308.73877,1297.116211,1889.365356
22-04-2021,934.628113,2262.466309,1296.876343,1894.582886
23-04-2021,925.968201,2222.35791,1280.270752,1892.545532
26-04-2021,896.079102,2273.300293,1289.629272,1925.837891
27-04-2021,903.007019,2291.790039,1294.380615,1976.322998
28-04-2021,900.829712,2317.501953,1301.57959,1984.919434
29-04-2021,897.167725,2318.513184,1301.915649,2011.503662
30-04-2021,900.978088,2266.655518,1299.995728,1982.136841
03-05-2021,900.829712,2318.898193,1297.788208,1946.906494
04-05-2021,869.406555,2318.561279,1276.047241,1904.719604
05-05-2021,879.501526,2306.041992,1287.661621,1908.197876
06-05-2021,875.196289,2301.564453,1306.954834,1919.030396
07-05-2021,873.81073,2321.97998,1298.268066,1919.775757
10-05-2021,890.982117,2342.876709,1285.789795,1914.26001
11-05-2021,881.728394,2313.216797,1277.24707,1921.166992
12-05-2021,889.349121,2242.773193,1273.743408,1901.291016
14-05-2021,894.742981,2288.901123,1263.56897,1925.291382
17-05-2021,872.128235,2288.323242,1276.047241,1948.198364
18-05-2021,875.295288,2286.396973,1286.22168,1975.627319
19-05-2021,894.644043,2272.43335,1283.342163,1984.671021
20-05-2021,914.685547,2257.410645,1285.549927,1973.09314
21-05-2021,917.357788,2274.841064,1300.139893,1990.136963
24-05-2021,921.663025,2250.092285,1293.94873,1973.341553
25-05-2021,925.968201,2257.314697,1306.954834,1950.981079
26-05-2021,935.419922,2266.896484,1341.174194,1957.838379
27-05-2021,932.648682,2240.317627,1345.973389,1963.85083
28-05-2021,924.731018,2235.79126,1348.661011,2081.815186
31-05-2021,939.57666,2253.462646,1352.250977,2146.908936
01-06-2021,936.706482,2271.037598,1345.895874,2155.455811
02-06-2021,944.871582,2271.518799,1337.600464,2187.605225
03-06-2021,938.487915,2275.804199,1348.273071,2195.953125
04-06-2021,936.657043,2255.388916,1344.39209,2176.921875
07-06-2021,930.124939,2252.740723,1348.273071,2213.593018
08-06-2021,943.931335,2271.711426,1370.879272,2200.872559
09-06-2021,948.780945,2268.82251,1373.159424,2161.518066
10-06-2021,964.170837,2290.778809,1381.891357,2169.468262
11-06-2021,957.886169,2278.933838,1403.818481,2206.506592
14-06-2021,966.100708,2293.580322,1418.27478,2238.161377
15-06-2021,959.717163,2320.108643,1430.014526,2243.246094
16-06-2021,946.900452,2335.579834,1436.514893,2204.96167
17-06-2021,941.160217,2345.085449,1450.777344,2208.999268
18-06-2021,951.007751,2408.327393,1458.539063,2218.969238
21-06-2021,950.265503,2438.83252,1455.628418,2230.534424
22-06-2021,946.009705,2415.456543,1466.834473,2219.069092
23-06-2021,947.890137,2405.999512,1458.393555,2198.730225
24-06-2021,941.110718,2415.359619,1512.774658,2147.035889
25-06-2021,947.246826,2375.105713,1527.328003,2098.133057
28-06-2021,953.135559,2386.309082,1524.999634,2079.738525
29-06-2021,969.515198,2417.687744,1516.51001,2081.533203
30-06-2021,961.89447,2397.075684,1533.731567,2104.314453
01-07-2021,968.03064,2403.574463,1513.938965,2091.652588
02-07-2021,969.119324,2412.594971,1521.118652,2122.65918
05-07-2021,964.66571,2423.992188,1531.936523,2143.745605
06-07-2021,959.123291,2398.239746,1515.685303,2118.422119
07-07-2021,955.263489,2407.114746,1518.013794,2103.716309
08-07-2021,940.863281,2374.039063,1514.278442,2086.318848
09-07-2021,949.919006,2377.821777,1516.364502,2064.98291
12-07-2021,949.968567,2370.740967,1501.762573,2077.844238
13-07-2021,955.708862,2363.514893,1498.948853,2093.397217
14-07-2021,967.090515,2342.321289,1529.947754,2079.738525
15-07-2021,963.576965,2339.895996,1533.731567,2076.099609
16-07-2021,967.090515,2344.794434,1509.13623,2106.059082
19-07-2021,963.9729,2336.307373,1495.795654,2092.649658
20-07-2021,945.316956,2361.768799,1503.897217,2087.515137
22-07-2021,940.120972,2306.723145,1542.851563,2114.334229
23-07-2021,938.24054,2287.275879,1543.094116,2099.379395
26-07-2021,940.764282,2278.157959,1556.143799,2070.615967
27-07-2021,903.699768,2272.046875,1554.833984,2048.831543
28-07-2021,880.738708,2290.476563,1557.793091,2031.234497
29-07-2021,874.008667,2264.626953,1568.853638,2047.086792
30-07-2021,910.578247,2263.220703,1562.547119,2029.190674
02-08-2021,911.567993,2262.735352,1582.970459,2066.279053
03-08-2021,918.59491,2315.162109,1605.916138,2081.483154
04-08-2021,929.976563,2305.705078,1600.143555,2097.435303
05-08-2021,935.667358,2286.887695,1604.315552,2127.84375
06-08-2021,901.918335,2300.272949,1601.065063,2082.779297
09-08-2021,914.208679,2312.882568,1613.775146,2070.915039
10-08-2021,908.187866,2310.263916,1627.309692,2081.782471
11-08-2021,905.451172,2318.653564,1627.60083,2110.94458
12-08-2021,900.923157,2320.448486,1639.291992,2104.165039
13-08-2021,890.075928,2332.281982,1661.218994,2139.209229
16-08-2021,883.955627,2353.52417,1653.651367,2166.97583
17-08-2021,900.276367,2409.200439,1689.792114,2157.753662
18-08-2021,904.455994,2411.382568,1681.836304,2166.128174
20-08-2021,886.54303,2540.727539,1681.351196,2141.801514
23-08-2021,894.006775,2555.034668,1686.978516,2155.859375
24-08-2021,913.213501,2553.919189,1669.61145,2177.145264
25-08-2021,908.187866,2565.558838,1683.873901,2195.988525
26-08-2021,906.894165,2586.315918,1676.257568,2223.754883
27-08-2021,919.433289,2597.519043,1657.92041,2220.713867
30-08-2021,930.181091,2606.976074,1647.490356,2263.435303
31-08-2021,943.217712,2642.282959,1655.640137,2251.371582
01-09-2021,918.388306,2650.818604,1627.7948,2260.294922
02-09-2021,950.631714,2716.921875,1638.806885,2287.512939
03-09-2021,936.55011,2683.603516,1650.012939,2381.330566
06-09-2021,945.60614,2697.085938,1678.877075,2418.319092
07-09-2021,945.904663,2694.272705,1655.834229,2433.572998
08-09-2021,947.198364,2716.776123,1642.833252,2424.052002
09-09-2021,944.710449,2726.233398,1641.2323,2418.319092
13-09-2021,945.854919,2702.663574,1641.523438,2364.431396
14-09-2021,948.54187,2679.578125,1635.944702,2361.340576
15-09-2021,948.342834,2692.090576,1660.491333,2371.161133
16-09-2021,949.387756,2685.106689,1651.565308,2420.911133
17-09-2021,949.4375,2640.488525,1640.941528,2383.374268
20-09-2021,933.564575,2716.24292,1637.594116,2387.163086
21-09-2021,951.477539,2727.979248,1667.282837,2397.481689
22-09-2021,958.841797,2700.868652,1665.779053,2423.204346
23-09-2021,963.419556,2698.735107,1690.665527,2482.426025
24-09-2021,962.971802,2664.155518,1711.331177,2475.247559
27-09-2021,958.045715,2628.121338,1669.902588,2516.872314
28-09-2021,966.305542,2642.040527,1636.866333,2540.401611
29-09-2021,982.825256,2604.647949,1641.863037,2520.262207
30-09-2021,978.794861,2620.652832,1625.320801,2511.687988
01-10-2021,981.432068,2622.835205,1615.570068,2516.124512
04-10-2021,952.87085,2605.52124,1628.765015,2548.477051
05-10-2021,930.031738,2627.296875,1642.396729,2601.36792
06-10-2021,909.033813,2605.375732,1623.719971,2552.16626
07-10-2021,911.621216,2589.22583,1640.650391,2564.678467
08-10-2021,912.666138,2560.757324,1672.522217,2663.231689
11-10-2021,909.332336,2565.655762,1640.601685,2644.6875
12-10-2021,911.521729,2595.772949,1634.974609,2659.792236
13-10-2021,909.083557,2567.256104,1658.30835,2686.860596
14-10-2021,906.943909,2569.972168,1664.66333,2692.294189
18-10-2021,899.380676,2574.28833,1738.788574,2699.472656
19-10-2021,901.818848,2470.308105,1767.895386,2723.649902
20-10-2021,901.520325,2404.204834,1748.684692,2692.294189
21-10-2021,907.142944,2372.292969,1701.434937,2614.628174
22-10-2021,892.016418,2380.392334,1668.592773,2619.513184
25-10-2021,897.489868,2382.089844,1656.707642,2593.990234
26-10-2021,903.112549,2378.186035,1667.621338,2653.0625
27-10-2021,918.040039,2338.905029,1692.33667,2619.513184
28-10-2021,887.438721,2332.12207,1667.817139,2590.799805
29-10-2021,900.674377,2335.537842,1632.432739,2528.636963
01-11-2021,904.854065,2349.152344,1664.048828,2530.182373
02-11-2021,899.03241,2360.668213,1661.944214,2493.293457
03-11-2021,908.237671,2353.300049,1666.446777,2476.14502
04-11-2021,906.297119,2364.523193,1672.515503,2491.349365
08-11-2021,909.282593,2373.355225,1700.705688,2494.439941
09-11-2021,909.730408,2372.623291,1705.599731,2514.130615
10-11-2021,908.038635,2342.369385,1703.299561,2542.24585
11-11-2021,900.525146,2318.996094,1696.594604,2546.88208
12-11-2021,911.521729,2347.053955,1742.501343,2585.316406
15-11-2021,933.61438,2366.377441,1749.304199,2570.062256
16-11-2021,917.29364,2348.712891,1754.345215,2510.342041
17-11-2021,900.9729,2333.586182,1749.5979,2456.60376
18-11-2021,887.986023,2341.637695,1741.718384,2465.875977
22-11-2021,891.071106,2331.048828,1722.141968,2356.654785
23-11-2021,906.197571,2336.5625,1700.118408,2378.688477
24-11-2021,889.130493,2317.581055,1660.084473,2344.341797
25-11-2021,895.59906,2292.499756,1685.925415,2485.466797
26-11-2021,962.026367,2278.885498,1655.82666,2405.358154
29-11-2021,960.334534,2273.322754,1660.427002,2434.171387
30-11-2021,966.604065,2261.758057,1676.381958,2398.179688
01-12-2021,923.66272,2288.401123,1678.584351,2459.594727
02-12-2021,916.796082,2325.925293,1711.228027,2475.397461
03-12-2021,907.640564,2287.229492,1698.796997,2401.02124
06-12-2021,890.62323,2250.973877,1659.399292,2355.508301
07-12-2021,884.950806,2265.710693,1675.403076,2374.700439
08-12-2021,893.608765,2284.253418,1716.219971,2410.841797
09-12-2021,890.175415,2283.42334,1726.106079,2449.076416
10-12-2021,889.578308,2276.640869,1721.995117,2451.568848
13-12-2021,886.990845,2248.875977,1707.704346,2402.416992
14-12-2021,891.270081,2262.48999,1715.04541,2373.005371
15-12-2021,891.369629,2265.076172,1697.475464,2366.076416
16-12-2021,876.740662,2253.901855,1734.083496,2396.684082
17-12-2021,856.04126,2176.55957,1782.290527,2333.424561
20-12-2021,889.47876,2214.474365,1760.805542,2270.51416
21-12-2021,882.462891,2218.134277,1773.23645,2304.312256
22-12-2021,885.398621,2222.818359,1786.059082,2358.997803
23-12-2021,905.351685,2245.264648,1818.262329,2358.150146
24-12-2021,903.908691,2241.653809,1824.037476,2365.677734
27-12-2021,925.752563,2245.996826,1826.631226,2363.135254
28-12-2021,928.787781,2253.511475,1848.018677,2391.200684
29-12-2021,931.026917,2251.315674,1845.620483,2395.28833
30-12-2021,948.143799,2269.614502,1852.765869,2352.018799
31-12-2021,939.535583,2303.332275,1847.773926,2361.041504
03-01-2022,926.001343,2304.45459,1858.247314,2396.634521
04-01-2022,919.781555,2343.443115,1858.932495,2450.72168
05-01-2022,924.060791,2357.642822,1805.586548,2462.187012
06-01-2022,917.54248,2333.830078,1779.305176,2409.246338
07-01-2022,910.327515,2357.984375,1775.879395,2428.687988
10-01-2022,911.770508,2349.103516,1811.557373,2430.681885
11-01-2022,911.521729,2345.7854,1816.304688,2448.179199
12-01-2022,901.818848,2355.056396,1837.691895,2513.532471
13-01-2022,919.58252,2356.081299,1856.632202,2527.689941
14-01-2022,917.044861,2306.796875,1888.49292,2531.378662
17-01-2022,905.7995,2332.024902,1898.427979,2544.588867
18-01-2022,897.788452,2312.457275,1880.075073,2514.230469
19-01-2022,891.319885,2254.292236,1827.512207,2514.031006
20-01-2022,878.084106,2207.350342,1785.0802,2470.013428
21-01-2022,863.256165,2269.418945,1747.884888,2470.412354
24-01-2022,887.786987,2229.601318,1700.020508,2370.762207
25-01-2022,901.271545,2271.224609,1685.680664,2366.126221
27-01-2022,923.115356,2240.092529,1643.052979,2331.081787
28-01-2022,927.74292,2228.57666,1650.492065,2328.838623
31-01-2022,940.431274,2219.012451,1699.433105,2379.436279
01-02-2022,941.824524,2250.144531,1734.524048,2371.559814
02-02-2022,947.198364,2271.858643,1749.255371,2376.395264
03-02-2022,948.143799,2242.824951,1701.733521,2345.687744
04-02-2022,941.52594,2251.071777,1704.229492,2324.302246
07-02-2022,928.787781,2203.251465,1678.682129,2310.144775
08-02-2022,943.466492,2209.838867,1680.933472,2348.978027
09-02-2022,963.568848,2222.818359,1700.51001,2376.345459
10-02-2022,970.335938,2228.186035,1732.125854,2373.902832
11-02-2022,953.865967,2203.641602,1684.897583,2369.266602
14-02-2022,950.283386,2174.900635,1646.57666,2331.530518
15-02-2022,917.393127,2234.968994,1701.439697,2410.691895
16-02-2022,928.588745,2231.455566,1696.594604,2405.707031
17-02-2022,923.712463,2251.998779,1688.274658,2436.165283
18-02-2022,904.704773,2256.878418,1670.80249,2417.122559
21-02-2022,902.86377,2239.555664,1694.049561,2392.696045
22-02-2022,908.98407,2215.303711,1697.622314,2381.828857
23-02-2022,910.476807,2205.983643,1705.942261,2366.923828
24-02-2022,891.469116,2119.126221,1642.612549,2248.979004
25-02-2022,919.184509,2118.442871,1658.714111,2277.094238
28-02-2022,920.577698,2119.809814,1679.269409,2352.467529
02-03-2022,918.637085,2097.363525,1666.740601,2391.350342
03-03-2022,930.380127,2040.661865,1684.408203,2371.161133
04-03-2022,926.697998,1970.883179,1686.806396,2318.56958
07-03-2022,936.599915,1897.151855,1703.005859,2232.827637
08-03-2022,964.862549,1902.080444,1740.543823,2228.789795
09-03-2022,976.804565,1949.803223,1774.949341,2347.033936
10-03-2022,982.277954,2051.348145,1787.233643,2385.069092
11-03-2022,1038.902832,2043.97998,1783.41626,2391.948486
14-03-2022,1043.5802,2009.72522,1850.661377,2411.589355
15-03-2022,1062.886353,1989.132935,1800.349854,2356.355713
16-03-2022,1050.695679,2022.265503,1849.388916,2396.135986
17-03-2022,1043.430908,2051.445801,1815.325806,2474.250732
21-03-2022,1045.222168,2001.819946,1813.808716,2459.993652
22-03-2022,1027.607666,1945.509033,1847.431274,2523.552246
23-03-2022,1009.545471,1930.919067,1832.749023,2531.578125
24-03-2022,1024.025146,1918.573608,1846.746094,2570.909668
25-03-2022,1008.600098,1905.984131,1836.811157,2588.058105
28-03-2022,1012.182678,1927.552002,1834.217163,2614.07959
29-03-2022,1033.827515,1939.214478,1846.060913,2614.677979
30-03-2022,1023.975342,1967.369995,1863.630737,2664.926514
31-03-2022,1013.128052,1999.331299,1866.46936,2626.841309
